,screen_name,user_name,user_id,location,friends_count,listed_count,favourites_count,statuses_count,verified
0,viceasia,VICE Asia,1035358050230521856,Asia,44,35,158,9823,True
1,JSolomonHK,Justin Solomon,41263026,Hong Kong,2364,74,461,1868,False
2,FergusLeung,Ê¢ÅÊôÉÁ∂≠ Fergus Leung,769202809,Hong Kong,68,16,30,34,False
3,JimmyLaiApple,Jimmy Lai,1263704074408488961,,1,193,3,114,True
4,G2_Lou,Louise Jones,1244645536973676552,UK,202,4,145,58,False
5,SheridanAsia,Sheridan Prasso,228498456,Hong Kong,2359,91,5497,3613,False
6,ChingteLai,Ë≥¥Ê∏ÖÂæ∑William Ching-te Lai,1224953820716945408,Taiwan,4,51,141,19,True
7,TweetHKApp,TweetHK App,1193571263957962752,,74,0,1299,361,False
8,cliffordstott,Clifford Stott,152707579,Merseyside. UK.,4595,138,7508,24640,False
9,oichanmusi,Ê∞¥Â≥∂ Á≤æ‰∫å,80483225,„ÇΩ„Ç¶„É´Êë©Â§öÈúäÂúí,2074,3041,19273,64725,False
10,marcthiessen,Marc Thiessen,27245742,"Washington, DC",1376,850,2567,15513,True
11,dpletka,Danielle Pletka,29707786,,2278,305,6271,27537,True
12,agoerlach,Alexander G√∂rlach,42875988,"Cambridge, MA",432,92,138,1067,True
13,BritonsHK,üá¨üáßBritons in Hong Kong #HKStandsWithUK,1163562863136530433,,100,8,319,483,False
14,mollyesque,Molly Ball,130945778,"Washington, D.C.",3516,3439,14144,35046,True
15,ZdenekHrib,Zdenƒõk H≈ôib,1282798525,,323,107,1271,1802,False
16,hkStephenSYY,Ëï≠Ëã•ÂÖÉ Stephen Shiu Yeuk Yuen,1247020224009752576,Hong Kong,15,37,246,262,False
17,CitizensPC,Citizens' PC - Global Connect,1160559584253136897,Hong Kong,687,79,1104,936,False
18,KwaiLamHo,Gwyneth Kwai-lam Ho,582760557,,267,2,203,4,False
19,NDI,National Democratic Institute,15035484,Global,3074,796,3498,9895,True
20,AlvaroSmith_,Al Smith,1118885422984302592,,239,5,15134,268,False
21,guyverhofstadt,Guy Verhofstadt,856010760,Europe,1631,3161,1791,6354,True
22,jreichelt,Julian Reichelt,19069018,Berlin,827,581,2693,13368,True
23,RepJimBanks,Jim Banks,816131319033950208,Indiana's 3rd District,1578,577,1129,5998,True
24,fungwong87,Phoenix Wong ÁéãÊæÑÁÉΩ,712138568315973632,Hong Kong,576,0,110,93,False
25,NetiwitC,Netiwit Chotiphatphaisal,1117012713329152000,,317,42,1517,1480,True
26,digimon_tcg,„ÄêÂÖ¨Âºè„Äë„Éá„Ç∏„É¢„É≥„Ç´„Éº„Éâ„Ç≤„Éº„É†,1219069684361773056,,0,60,3,180,False
27,gladstein,Alex Gladstein,19721574,SF / NY / Oslo,2188,295,7531,43123,True
28,EGFound,EGF,732902867078635520,"New York, NY",468,41,525,2318,False
29,nintendolife,Nintendo Life,26469931,UK & USA,2067,1932,1838,91266,True
30,Yamiche,Yamiche Alcindor,89887215,"Washington, DC",6831,5924,4330,33557,True
31,OfficialCWATSON,Christian Watson,1003392522410954753,"Macon, GA",325,2,557,1014,False
32,jinke_jinke,Ê∏°Ëæ∫„Åë„Çì„Åò,611002578,ÊπòÂçó„Å®„Ç´„ÉÅ„ÇØ„É©,533,80,4616,12994,False
33,toeianime_info,Êù±Êò†„Ç¢„Éã„É°„Éº„Ç∑„Éß„É≥ÂÖ¨Âºè,480896186,,66,1006,134,4749,True
34,digimon_tv,„Ç¢„Éã„É°„Äå„Éá„Ç∏„É¢„É≥„Ç¢„Éâ„Éô„É≥„ÉÅ„É£„ÉºÔºö„ÄçÂÖ¨Âºè,1237549656139116544,Êù±‰∫¨ËøëÈÉä„ÅÆ„Éû„É≥„Ç∑„Éß„É≥„Å®„Éá„Ç∏„Çø„É´„ÉØ„Éº„É´„Éâ„ÇíË°å„ÅçÊù•,4,201,436,260,False
35,USA_China_Talk,ÁæéÂõΩÈ©ªÂçé‰ΩøÈ¢ÜÈ¶Ü US MissionCN,89421672,China,380,2203,6,8314,True
36,onedayseyoum,One Day Seyoum,1566744865,,354,23,1496,3246,True
37,mxbernhard,Max Bernhard,2783801669,"from Berlin, now in Tokyo",2657,12,3958,3520,False
38,threadreaderapp,Thread Reader App,895814938995957760,Wherever threads are written..,1300,1078,2181,1057934,False
39,yvonne_tg,Yvonne Tong,1173839211314565126,Hong Kong,165,97,1952,170,False
40,antd,Antony Dapiran,1578151,Hong Kong,1857,538,43477,7022,True
41,Reaproy,Phil Robertson,144615713,Bangkok,2006,528,14473,24265,True
42,marcus_lyc,Marcus Lau,546049773,Hong Kong,149,4,122,36,False
43,WHNSC,NSC,840236394865930240,"Washington, DC",5,611,0,787,True
44,XinqiSu,Xinqi Su ËòáÊòïÁê™,917702559049039872,Hong Kong,1051,766,1215,7021,False
45,chingrachelwong,Rachel Wong,3193620241,Hong Kong,932,15,994,297,False
46,KennethL_legco,Kenneth Leung Ê¢ÅÁπºÊòå,1194905503954034688,Hong Kong,17,4,0,3,False
47,TUU_HK,The Umbrella Union,1226302121282326528,United Kingdom,133,7,217,43,False
48,SimonCh15198572,Simon Cheng,1180541368428425217,,46,9,41,46,False
49,AdamBrookesWord,Adam Brookes,1355164716,"Maryland, USA via UK",553,20,1850,2943,False
50,DissentMag,Dissent Magazine,22974854,"New York, NY",1922,1788,1761,16580,False
51,PoliticsProse,Politics and Prose,26697854,"Washington, D.C.",962,1334,18309,32292,True
52,simonshen_glos,Simon Shen,1182496915746770949,Hong Kong,226,88,145,2608,True
53,RepAOC,Rep. Alexandria Ocasio-Cortez,1079104563280527364,"Washington, DC",1,1252,21,250,True
54,danielchsuen,daniel suen,56037490,Hong Kong,390,42,2861,1081,False
55,nickiacovella,Nick Iacovella,2732379601,"Washington, DC",4059,25,9674,4560,False
56,kreuzpaintner,Marco Kreuzpaintner,589173850,London,241,8,69,176,False
57,CassSunstein,Cass Sunstein,991745802,,924,2140,12377,10733,True
58,SamanthaJPower,Samantha Power,818282957618216960,"Boston, MA",2339,1876,1727,5734,True
59,frontlinepbs,FRONTLINE,16016427,,2349,5757,9688,59651,True
60,IntlCrimCourt,Int'l Criminal Court,61731614,"The Hague, The Netherlands",1390,2707,122,9976,True
61,DoreGMD,Giovanna M D Dore,2533044962,Washington D.C.,350,8,25,5457,False
62,cusonlo,cuson lo,102881695,,166,32,52,179,False
63,elson_tong,Elson Tong,710453432252014592,Hong Kong,425,104,3170,4192,False
64,philipsherwell,Philip Sherwell,88059528,,1911,130,146,1411,True
65,markknoller,Mark Knoller,31127446,"Washington, D.C.",2259,8981,20,138884,True
66,elimeixler,Eli Meixler,4188252454,Hong Kong,1995,83,9822,10159,False
67,leahyjoseph,Joe Leahy,409419852,Hong Kong,402,14,130,262,False
68,RepPressley,Congresswoman Ayanna Pressley,1080584229510172678,"Boston, MA",965,1255,3277,2501,True
69,NOW4humanity,NOW!,1181173040039841793,Earth,204,2,511,445,False
70,ErikaJangen,Erika Jangen,961318650,"Brussel, Belgi√´",319,1,1530,79,False
71,alliancecanhk,Alliance Canada Hong Kong,1209133759410450432,Canada,186,3,63,221,False
72,RobertJonGodden,Robert Godden,1001348290682667008,Hong Kong / United Kingdom,877,29,6214,1727,False
73,niccijsmith,Nicola Smith,24107523,"Taipei City, Taiwan",3622,314,17012,45599,True
74,jeh_edy,Edy Jeh,1192582162412920833,,29,0,14,3,False
75,icao,ICAO,246309084,"Headquarters in Montreal, CAN",2357,1139,14570,11575,True
76,laignee,Laignee Barron,81767447,Hong Kong,1083,76,1802,2540,True
77,Project2049,Project 2049 Inst,158474961,"Arlington, VA",570,271,82,10114,False
78,jessicadrun,Jessica Drun,265716304,"Washington, DC",1222,140,7488,4656,False
79,TimothyDSnyder,Timothy Snyder,3129968261,,30,1169,0,955,True
80,hkgetv,HKGETV,1164435898492018688,,52,41,34,329,False
81,meghara,Megha Rajagopalan üò∑,13670232,"London, England",4246,685,17080,10107,True
82,agnieszka_mdb,Agnieszka Brugger,172269309,,2563,333,3838,5617,True
83,sven_giegold,Sven Giegold,16705726,D√ºsseldorf,814,1127,2501,12315,True
84,LamYikFei,Lam Yik Fei,57551862,Hong Kong,355,267,280,257,False
85,jeromeacohen,Jerome Cohen Â≠îÂÇëÊ¶Æ(ÊüØÊÅ©),3674888421,"Manhattan, NY",83,212,268,1147,False
86,AlanKahKitLeong,Alan Leong Ê¢ÅÂÆ∂ÂÇë,2475150925,Hong Kong,147,33,555,2217,True
87,BETSUMAGAnews,Âà•ÂÜäÂ∞ëÂπ¥„Éû„Ç¨„Ç∏„É≥„ÄêÂÖ¨Âºè„Äë,1427159202,Ë¨õË´áÁ§æ ÈÄ±ÂàäÂ∞ëÂπ¥„Éû„Ç¨„Ç∏„É≥Á∑®ÈõÜÈÉ®,136,354,130,4909,True
88,C_Stevenson,Chris Stevenson,54517661,"London, UK",999,28,286,3419,False
89,ChuckGrassley,ChuckGrassley,10615232,Iowa,13501,5586,3,8924,True
90,NYTimesCohen,Roger Cohen,157009365,,1455,1608,138,9578,True
91,hkdc_us,HKDC,1170411750841176064,Washington DC,262,76,521,724,False
92,tpi,TPI,192854350,"Rome, Italy",439,411,1454,60296,False
93,GiorgiaMeloni,Giorgia Meloni üáÆüáπ ŸÜ,130537001,Italia,870,1917,419,15529,True
94,GiuseppeConteIT,Giuseppe Conte,999578121123848192,,120,1411,72,1028,True
95,LegaSalvini,Lega - Salvini Premier,13514762,Italia,446,530,2860,168701,True
96,forza_italia,Forza Italia,147543162,Italia,859,973,3265,179851,True
97,luigidimaio,Luigi Di Maio,48062712,"Pomigliano d'Arco, Campania",397,1836,220,5738,True
98,BarbaroTweet,Mario Barbaro,982569349,,718,14,6110,5484,False
99,ConHome,ConservativeHome,159992511,London,8,981,92,40202,False
100,EmilyLauWH,Emily Lau,1065801443729264640,,18,17,24,595,True
101,Venzon_Andrea,Andrea Venzon,4084090516,Earth,774,45,5154,1634,True
102,GlobalCRL,GlobalCRL,743860989452492801,Rome,391,11,2940,2977,False
103,SenatoStampa,Senato Repubblica,1377373874,,1126,937,402,16108,True
104,FratellidItalia,Fratelli d'Italia üáÆüáπ,1024976264,Italia,341,435,6730,84505,False
105,SenatoriPD,Senatori Pd,404048864,Senato della Repubblica - Roma,10351,459,4070,137989,False
106,PartitoRadicale,Partito Radicale,84046970,"Roma, Bruxelles, New York",777,111,2210,13689,False
107,GabrieleCarrer,Gabriele Carrer,2224974581,gabriele.carrer@gmail.com,4538,49,11712,18768,False
108,FrancescoBechis,Francesco Bechis,911557507914649600,Italia,447,4,2414,2133,False
109,TaiwanInItalia,Taiwan in Italia,1072845631830585344,"Roma, Lazio",126,5,196,153,False
110,max_tarantino,Max Tarantino,2201666465,,462,20,4109,2943,False
111,LauraHarth,Laura Harth üò∑,318276613,Rome,1360,14,10377,5312,False
112,adolfo_urso,Adolfo Urso,214476890,,758,138,5717,7323,False
113,formichenews,Formiche,132164537,Roma,1410,647,1680,188010,False
114,uffeelbaek,Uffe Elbaek,79255216,Copenhagen,1804,402,39418,27397,False
115,AileenCalverley,Aileen Calverley,1005750241826672640,"London, England",152,0,1703,156,False
116,FP4America,Foreign Policy for America,714262400392761344,"Washington, DC",1263,51,3522,7811,False
117,SenLeiladeLima,Leila de Lima,3194895259,,379,104,10180,13234,True
118,RepRoKhanna,Rep. Ro Khanna,816298918468259841,"Silicon Valley, CA",1592,928,2008,8451,True
119,SenJeffMerkley,Senator Jeff Merkley,29201047,Oregon,960,4490,951,11321,True
120,JohnCornyn,Senator John Cornyn,13218102,"Austin, Texas",11972,5381,227,36637,True
121,LibDems,Liberal Democrats,5680622,United Kingdom,4418,3502,7665,39119,True
122,CurtisSChin,üö∂üèªCurtis S. Chin,2267964218,Tweets on #Asia & USA  ,282,1362,53776,117704,True
123,chenqiushi404,ÈôàÁßãÂÆûÔºàÈô≥ÁßãÂØ¶Ôºâ,1182511815231586304,,257,742,160,637,False
124,yangjianli001,Ê•äÂª∫Âà© Yang Jianli,102853374,"Washington, DC",3097,479,2210,6651,False
125,revmahoney,Rev. Patrick Mahoney,108665128,"Washington, DC",2868,128,6549,15251,False
126,Johnny_HKWatch,Johnny Patterson,1311450314,,768,15,853,1442,False
127,eyepressnews,EYEPRESS NEWS AGENCY,64346035,Hong Kong,536,91,12,1373,False
128,SenCoryGardner,Cory Gardner,235217558,Colorado,283,2205,114,5575,True
129,ennolenze,Enno Lenze,15761692,Kurdistan,1926,342,151666,2589,True
130,HCNicHailey,Nic Hailey,116872306,,418,136,1400,3351,True
131,heguisen,Chris Horton ‰ΩïË≤¥Ê£Æ,1520046284,Taipei,2124,335,15431,15011,True
132,mikemosettig,michael d. mosettig,259826043,washington,918,67,1000,6714,False
133,NLForHK,Netherlands for Hong Kong,1152117600677220352,,160,9,700,833,False
134,HTXHongKong,Hong Kong Dossier,1184334330337865728,"Houston, TX",83,1,263,252,False
135,Tx4Hk,Texans Supporting Hong Kong,1180244821979602949,Texas,137,1,953,698,False
136,jburnmurdoch,John Burn-Murdoch,43878033,Doncaster ‚û°Ô∏è London,4005,4687,32652,49806,True
137,rebeccawhatsun,Rebecca Watson,289028082,rebecca.watson[@]ft.com,562,18,6438,4398,False
138,martinaldro,Martin Aldrovandi,88193361,"Shanghai, Volksrepublik China",684,34,5402,2481,False
139,mikejcasey,Staying Home Michael J. Casey,92281665,New York,2781,1218,10671,16385,True
140,WaveCenterTU,Wave Center for Policy and Enterprise,1023253628176539648,"New Orleans, LA",149,0,54,43,False
141,CoryBooker,Cory Booker,15808765,"Newark, NJ",91373,18605,374,65543,True
142,MarshaBlackburn,Sen. Marsha Blackburn,278145569,"Brentwood, TN",2811,2210,1214,8433,True
143,NadiaWhittomeMP,Nadia Whittome MP,576682647,Nottingham,1045,181,10537,3795,True
144,Enoch_TW,Âê≥ÊÄ°Ëæ≤ Enoch Wu,1160176030289502208,"Taipei, Taiwan",7,42,83,466,True
145,TaiwanDPP_DC,DPP U.S. Mission,2841246784,"Washington, DC",435,66,5046,4648,False
146,ElaineTsao,Elaine Tsao,1866073824,"Melbourne, Australia",662,15,484,291,False
147,pongnan,Pong Nan ËóçÂ•ïÈÇ¶üò∑üá≠üá∞üá®üá¶,45183822,Hong Kong,93,64,74,2976,False
148,HKMarkSimon,Mark Simon,3255301818,Hong Kong,132,74,23319,19097,False
149,lukedepulford,Luke de Pulford Ë£¥ÂÄ´Âæ∑,2279301618,"London, mostly",1148,112,6140,3306,False
150,RescueCambodia,Cambodia National Rescue Party,1147797815919165440,,34,0,504,116,False
151,RainsySam,Rainsy Sam,1386346904,,251,61,1835,3340,True
152,vannahay,ùöÖùöäùöóùöóùöä ùô∑ùöäùö¢ - ·û†·üÉ ·ûú·ûé·üí·ûé·û∂ üá∞üá≠‚ö°Ô∏è,42865376,"Tokyo, Japan",1978,20,6225,22768,False
153,StewartMcDonald,Stewart McDonald MP,19608199,Glasgow / London,5829,507,35267,55895,True
154,WongDouglas,Douglas Wong,79371610,Hong Kong,1334,89,5141,6601,False
155,martelf,Frederic Martel,48322782,Paris and around the world,3984,993,1842,420,True
156,LJucca,Lisa Jucca,108557681,Italy,779,349,514,7083,True
157,AnaCabrera,Ana Cabrera,31565351,"New York, NY",3808,905,21082,17942,True
158,ShibaniMahtani,Shibani Mahtani,18390063,Hong Kong,2075,486,5289,8112,True
159,chrf_hk,Civil Human Rights Front Ê∞ëÈñì‰∫∫Ê¨äÈô£Á∑ö,1048452126467182594,Hong Kong,152,85,235,278,True
160,iamjohnoliver,John Oliver,316389142,New York,116,15713,0,501,True
161,tiffanyykw,Tiffany Yuen,734010215369035776,Hong Kong,15,5,7,11,False
162,Malinowski,Tom Malinowski,811239440916054016,"Ringoes, NJ",513,530,1359,2724,True
163,Prof_TGSchulze,Thomas G. Schulze üéó (personal account),757849184410046464,"New York, Catalunya, Franken",6557,54,9042,13245,False
164,chimaichen,Èô≥ÂÖ∂ÈÇÅ,1072502907365339136,"È´òÈõÑÂ∏Ç, Âè∞ÁÅ£",53,115,3146,443,True
165,eballgogogo,ËòáË≤ûÊòå,17556049,Taiwan,281,272,68,1324,True
166,SenJohnThune,Senator John Thune,296361085,,346,2300,91,6159,True
167,SenatorRisch,Jim Risch,1096059529,Boise,321,1595,388,2089,True
168,RoyBlunt,Senator Roy Blunt,21269970,Missouri,6916,3430,220,13017,True
169,SenHawleyPress,Senator Hawley Press Office,1080960924687704064,Missouri,793,239,517,1484,True
170,RepChrisSmith,Rep. Chris Smith,1289319271,,249,717,154,1159,True
171,RepEliotEngel,Eliot Engel,164007407,,1021,1279,343,5698,True
172,RepMcCaul,Michael McCaul,26424123,Texas' 10th District,446,1330,551,4892,True
173,KingJames,LeBron James,23083404,Amongst La Familia!,188,43199,144,7040,True
174,nickschifrin,Nick Schifrin,58708507,"Washington, DC",1777,1392,1011,15209,True
175,bueti,Reinhard B√ºtikofer,20610385,,976,1230,7725,35931,True
176,CiudadanosCs,Ciudadanos üá™üá∏üá™üá∫,19028805,Espa√±a,90902,3466,29245,157165,True
177,hkladyliberty,LadyLibertyHK,1165961371319558145,Hong Kong,116,11,345,403,False
178,tim_cook,Tim Cook,1636590253,Cupertino,68,20963,1953,1029,True
179,Ray_WongHKI,Ray Wong üá≠üá∞üá©üá™,1178466684094619648,"G√∂ttingen, Deutschland",293,36,672,295,False
180,JooeySiiu,Joey Siu ÈÇµÂµê üá≠üá∞,1163493603093688321,Hong Kong,597,35,4800,1290,False
181,HKHIIAD,È¶ôÊ∏ØÂ§ßÂ∞àÂ≠∏ÁïåÂúãÈöõ‰∫ãÂãô‰ª£Ë°®Âúò Hong Kong IAD,1154826661088514049,Hong Kong,167,31,694,283,False
182,JRBauza,Jos√© Ram√≥n Bauz√° üá™üá∫,117705468,Palma de Mallorca,4354,418,7538,8420,True
183,axelspringer,Axel Springer SE,19767464,"Berlin, Deutschland",370,252,107,3639,True
184,Elif_Safak,Elif ≈ûafak / Elif Shafak,116768508,Represented By Curtis Brown,3330,2572,30073,19068,True
185,thetimeusedtobe,üëÅ WüéÑTCHING Yüò∑U,1162029930294607873,Dystopia,953,30,4994,2428,False
186,kevincarrico,Kevin Carrico,200449991,Melbourne/ Hong Kong,5232,156,14758,26825,False
187,MatthewRicStone,MATT STONE,298546964,South Park. Colorado.,2627,60,0,76,False
188,kaj33,Kareem Abdul-Jabbar,37774152,Los Angeles,374,8598,74,3821,True
189,Thanathorn_FWP,Thanathorn Juangroongruangkit,971024778730459136,Thailand,544,176,268,940,True
190,dmorey,Daryl Morey,16175507,"Houston, TX",1825,3450,8822,10397,True
191,Jkylebass,üá∫üá∏Kyle Bassüá∫üá∏,3005733012,San Francisco and Dallas,728,1857,18958,2405,True
192,alicetwc,Alice Tong,105761213,Hong Kong,292,11,407,965,False
193,shaunrein,"Shaun Rein, Founder of CMR",95655465,Shanghai (8621) 6326-9991 info@researchcmr.com,0,426,221,4490,False
194,TimWilsonMP,Tim Wilson MP,20742888,"Melbourne | Authorised by T Wilson, 368 Centre Rd, Bentleigh",2903,321,4218,18444,True
195,HawleyMO,Josh Hawley,2352629311,"Missouri, USA",1013,1091,521,4138,True
196,klustout,Kristie Lu Stout‚úåüèΩ,22587869,Hong Kong,3113,2531,10056,23271,True
197,uksolidaritywi1,UK labour solidarity with HK,1173850222600081408,,174,7,425,480,False
198,Gregory_Wong_,GregoryWong,1179819352939347968,Hong Kong,23,24,488,238,False
199,RepRonWright,Ron Wright,1080854935535800320,,351,220,137,874,True
200,GReschenthaler,Rep. Guy Reschenthaler,4205133682,,519,326,146,1796,True
201,MarioDB,Mario Diaz-Balart,37094727,"Florida & Washington, DC",326,1191,871,8678,True
202,RepRalphNorman,Rep. Ralph Norman,880480631108644864,"South Carolina, USA",689,346,855,1832,True
203,RepBryanSteil,Bryan Steil,1075205691621720064,,241,216,360,1718,True
204,SenatorDurbin,Senator Dick Durbin,247334603,,2406,4881,575,17192,True
205,PeteButtigieg,Pete Buttigieg,226222147,"South Bend, Indiana",2637,6739,1640,11630,True
206,dc4_hk,DC4HKüò∑,1172290466210934785,"Washington, DC",192,15,3163,1278,False
207,olafinderbeek,Olaf in der Beek MdB,913327957602693121,Berlin/Bochum,3314,63,9601,1722,True
208,fdp,FDP,39475170,"Genscher-Haus, Berlin",668,1231,19445,14531,True
209,fdpbt,Fraktion der Freien Demokraten,905516414257258497,"Berlin, Deutschland",1911,174,4177,9156,True
210,LeungKaiChiHK,Leung Kai Chi Ê¢ÅÂïüÊô∫,1177840593772302336,Hong Kong,147,70,35,148,False
211,WerteUnion,WerteUnion,878923761340342272,Deutschland,85,93,1084,2412,False
212,WilliamYang120,William Yang,365216346,"Taipei, Taiwan",4793,856,25795,14835,True
213,GiulioTerzi,Giulio Terzi,418028983,,4855,684,3046,66640,False
214,DanGarrett97,Dan Garrett,299141309,"Counter-hegemonic Resistance in China's Hong Kong
Visualizing Protest in the City https://www.springer.com/gp/book/9789812872357",3662,353,63656,107021,False
215,JimMillward,James Millward Á±≥ËèØÂÅ•,285003303,Washington DC,643,228,908,3630,False
216,germany_with_hk,Germany Stands With Hong Kong,1168953414421757952,"Berlin, Germany",626,16,5284,4209,False
217,samuelmchu,samuel chu,22896375,United States,1401,34,12517,9307,False
218,SenatorRomney,Senator Mitt Romney,1078693601356509184,"Salt Lake City, UT",114,762,110,818,True
219,robert_spalding,General Spalding,14308180,"Washington, DC",2710,411,18583,15195,False
220,ColinCrowell,Colin Crowell,266927095,social distancing,3393,323,16508,11722,True
221,SunnyCheungky,Sunny Cheung ÂºµÂ¥ëÈôΩ,1174084522406744064,Hong Kong,316,65,1296,365,True
222,SolomonYue,Solomon Yue,1339488762,"Salem, Oregon, USA",367,243,48756,24605,False
223,j_toomey1,Jon Toomey,1142225507259486208,"Washington, DC",472,0,3658,2417,False
224,johannesboie,Johannes Boie,14065491,,3096,237,21343,4331,True
225,Kristina_Lunz,Kristina Lunz,2240838373,,1574,52,4893,4015,True
226,jguaido,Juan Guaid√≥,39176902,Vargas,2750,3157,15151,43571,True
227,gabriellaborter,Gabriella Borter,3231489491,"New York, NY",1324,17,1628,831,False
228,jslandreth,Jonathan S. Landreth,89065031,New York,585,177,65,992,False
229,BillyFung14,Billy Fung,1171144160000110592,,353,1,70,34,False
230,Die_Gruenen,B√úNDNIS90/DIE GR√úNEN,14553288,Deutschland,6183,2589,3037,18803,True
231,UniofOxford,University of Oxford,48289662,"Oxford, UK",1236,4667,11903,17780,True
232,CoDieckmann,Cornelius Dieckmann,1686986148,"Berlin, Germany",1759,4,2609,852,False
233,gaborsteingart,Gabor Steingart,85878812,"Berlin, Deutschland",426,265,878,2770,True
234,limlouisa,Louisa Lim,47936893,Former NPR & BBC correspondent,7796,1412,2141,30129,True
235,ulfposh,Ulf Poschardt,1949194382,berlin,905,504,46361,32467,True
236,jamila_anna,Jamila Sch√§fer,859883348,"M√ºnchen, Bayern",1669,144,10617,5623,True
237,JoWadephul,Johann Wadephul,389682667,"Berlin, Deutschland/ WK 004",1502,136,1131,1259,True
238,c_lindner,Christian Lindner,122104353,"Berlin, Deutschland",1358,1818,9142,15974,True
239,SteffenWurzel,Steffen Wurzel üá™üá∫ Âê≥Á≠ñ,1233241,"Shanghai, Volksrepublik China",600,135,8933,9684,False
240,GydeJ,Gyde Jensen,1530171613,Kiel,801,88,3931,1789,True
241,yikmowong,WONG Yik Mo,2195234310,Hong Kong,102,15,408,225,False
242,MargareteBause,Margarete Bause,480623844,M√ºnchen & Berlin,3268,161,3723,2216,True
243,ElmarBrok_MEP,Elmar Brok,2870350006,Brussels/Strasbourg/Bielefeld,107,150,13,80,True
244,JulianRoepcke,Julian R√∂pcke,428140124,Deutschland,809,1837,11202,103863,True
245,tagesschau,tagesschau,5734902,Hamburg,316,8701,3550,190507,True
246,HeikoMaas,Heiko Maas üá™üá∫,24158261,Saarlouis/Berlin,3376,1624,1912,6098,True
247,BBC,BBC,19701628,TV. Radio. Online,187,11011,3687,34994,True
248,BILD,BILD,9204502,Berlin,563,4848,1096,289399,True
249,RichardGrenell,Richard Grenell,90480218,"LA, Palm Springs (and Berlin)",2620,1901,23841,5873,True
250,AliceKaheiYu,Alice Kahei Yu,1168887084507193344,"Berlin, Germany",33,1,3,14,False
251,laiyanhoeric,Eric LAI ÈªéÊÅ©ÁÅù,2894288138,Hong Kong,930,12,537,894,False
252,709liwenzu,ÊùéÊñáË∂≥ÔºàÁéãÂÖ®ÁíãÂ¶ªÂ≠êÔºâ,793862635326349313,,462,138,1147,2003,True
253,ssataline,Suzanne Sataline,66753496,NYC/HongKong,980,179,74,3598,False
254,HRF,Human Rights Foundation,57041360,NYC,1998,678,4282,15001,True
255,cleanclothes,Clean Clothes,15218175,Amsterdam,211,409,3579,6147,False
256,hkjohnsonyeung,Johnson Yeung Ê•äÊîøË≥¢üò∑,1052953769053368320,Hong Kong,343,78,405,749,True
257,AlexCrawfordSky,Alex Crawford,86271665,,2748,1432,3021,13611,True
258,SenSchumer,Chuck Schumer,17494010,"New York, NY",25190,10956,216,17506,True
259,karl_vick,Karl Vick,331451880,,558,153,945,3830,True
260,SenRickScott,Rick Scott,131546062,The Sunshine State,2793,3598,20,16794,True
261,SteveKBannon,Steven Bannon,823575687667871744,"Washington, DC",16,352,69,118,False
262,NickKristof,Nicholas Kristof,17004618,Everywhere,2417,22490,59,44444,True
263,KwongGlacier,Glacier Kwong,969437425,"Hamburg, Germany",224,29,297,1222,False
264,natlungfy,Natalie Lung,53336725,Hong Kong,3816,84,6050,10780,False
265,annieLee23,Annie Lee,2562892392,Hong Kong,608,5,112,149,False
266,WeiDuCNA,Wei Du ÊùúÂîØ,1199869885,Hong Kong,926,367,1708,12457,True
267,Megankstack,Megan K. Stack,70087923,Singapore,1156,48,2656,1820,True
268,AmichaiStein1,Amichai Stein,744601892,◊ô◊©◊®◊ê◊ú,3522,799,8745,64350,True
269,DemocracyforHK,Democracy for Hong Kong,1137462852338507776,United Kingdom,580,38,665,1441,False
270,Nattha_ThaiPBS,Nattha Komolvadhin,60024721,Bangkok,2151,1649,8115,53364,True
271,SkyNews,SkyNews,7587032,"London, UK",28,24854,12,397608,True
272,AM2DM,AM2DM by BuzzFeed News,897565399771992064,,2317,308,2454,27575,True
273,BuzzFeedNews,BuzzFeed News,1020058453,,4775,11592,2354,185019,True
274,lihkg_forum,LIHKG Ë®éË´ñÂçÄ,1143446245429501952,,0,229,20,1149,False
275,BBCNews,BBC News (UK),612473,London,101,41862,45,417640,True
276,Beaking_News,Nick Beake,114908717,Myanmar,5169,245,4496,7177,True
277,bbcchinese,BBC News ‰∏≠Êñá,791197,"W1A 1AA, U.K.",232,7092,65,134332,True
278,YuxuanMichael,Michael Zhang ÂºµÈõ®Ëªí,906041519227887616,Hong Kong,998,121,2760,2057,False
279,RamyInocencio,Ramy Inocencio Ëã±Ëã•Êòé,317291424,Beijing/New York/Hong Kong/DC,2775,596,10052,9285,True
280,zarnahsm,zarnahsm,1163102380352655360,,20,0,0,0,False
281,jonathansamuels,Jonathan Samuels,19908607,"London, England",3058,200,9023,12018,True
282,PBS,PBS,12133382,,50540,17514,9798,77731,True
283,Engel_Re,Ren√© Engel,1132564490330005504,Berlin,1733,15,18315,2993,False
284,ronzheimer,Paul Ronzheimer,323968570,,2038,526,7464,12074,True
285,camanpour,Christiane Amanpour,69181624,London,262,17805,15,11974,True
286,haynesdeborah,Deborah Haynes,204061525,London,3034,799,2909,9677,True
287,jessieyeung8,Jessie Yeung,148308086,Hong Kong,478,15,7591,514,False
288,Adr_Marchand,Adrien Marchand,2349856219,France,76,10,10,52,False
289,ShannonBream,Shannon Bream,18983793,"Washington, DC",1609,2913,16973,31543,True
290,EricWishart,Eric Wishart,30433061,Hong Kong,3084,159,4296,3390,False
291,KarnaMikko,Mikko K√§rn√§,531527946,"Inari, Suomi",3213,173,19665,29422,False
292,RepGallagher,Rep. Mike Gallagher,815966620300480514,"Green Bay, WI",434,506,234,3254,True
293,TomTugendhat,Tom Tugendhat,2173779986,"Tonbridge, Edenbridge, Malling",2483,554,23605,24042,True
294,DanCrenshawTX,Dan Crenshaw,930552552302792705,"Houston, TX",814,2036,1133,1621,True
295,LeesKoreaBlog,LeesKoreaBlog,14702336,,109,56,647,3443,False
296,joshrogin,Josh Rogin,15766082,"Washington, DC",15333,3774,10963,47942,True
297,StephenMcDonell,Stephen McDonell,243983947,Beijing,802,1277,23455,47045,True
298,jamespomfret,James Pomfret,38635618,Greater China/Hong Kong/Asia,644,334,137,2148,False
299,nicolle_liu,Nicolle Liu,723724744718057472,,1021,75,174,749,False
300,BorisJohnson,Boris Johnson #StayAlert,3131144855,United Kingdom,459,6406,442,3547,True
301,AmbJohnBolton,John Bolton,118756393,"Washington, DC",1188,5587,389,5040,True
302,DominicRaab,Dominic Raab,4764882552,"London, England",316,1085,1415,3502,True
303,TF1LeJT,TF1LeJT,3390775469,,731,431,1592,39558,True
304,M6,M6,58913261,France,192,1789,1475,55384,True
305,euronews,euronews,25067168,Europe,1106,7567,1423,138360,True
306,guillaumepetit_,Guillaume Petit,228385994,Lyon ,1421,47,2152,9225,False
307,nytmay,Tiffany May,1434636078,Hong Kong,2561,124,4968,2173,True
308,ezracheungtoto,Ezra Cheung,70096587,Hong Kong,629,493,4380,3539,True
309,Stand_with_HK,Fight For Freedom. Stand With Hong Kong.,934174143939055617,Hong Kong ,498,252,2276,2981,False
310,latercera,La Tercera,3222731,"Santiago, Chile",224915,6751,14,919974,True
311,JeppeKofod,Jeppe Kofod,24909190,Denmark,894,419,1946,4485,True
312,DanishMFA,Denmark MFA üá©üá∞,1358883631,Danmark,1816,430,9276,11750,True
313,pakwayne,Pak Yiu,129181096,China,1776,159,2921,8946,True
314,alexhofford,Alex Hofford,56980892,"UK, Hong Kong",8146,525,9696,16433,True
315,lilkuo,Lily Kuo,15655247,,3501,699,10931,6359,True
316,HongKongHermit,Hong Kong Hermit,2838238556,Hong Kong,858,614,79542,102910,True
317,juntaowang,ÁéãÂÜõÊ∂õ,49730238,ÁæéÂõΩÊñ∞Ê≥ΩË•øÂ∑ûË¢´ÊµÅ‰∫°ÁöÑ‰∏≠ÂõΩÂÖ¨Ê∞ë,655,557,62,4031,False
318,jbellolio,Jaime Bellolio Avaria,18110979,"Buin, Chile",3460,337,1992,25777,False
319,feliciasonmez,Felicia Sonmez,137466464,"Washington, DC",10952,2026,17198,42210,True
320,WilsonLeungWS,Wilson Leung Ê¢ÅÂÖÅ‰ø° üá≠üá∞,1140607324127518720,Hong Kong,684,145,128279,13419,True
321,McGovernMA,Jim McGovern,128664931,"Worcester, MA",557,318,179,1982,True
322,lisajaneharding,Lisa Jane Harding,122835442,Hong Kong,1172,12,3210,991,False
323,amcoren,anna coren,32335189,Hong Kong,287,353,5,167,False
324,senatemajldr,Leader McConnell,1249982359,"Washington, DC",105,5487,126,4184,True
325,phoebe_kongwy,Phoebe Kong Ê±üÁ©éÊÄ°,3295706113,Hong Kong | Taiwan,754,138,439,914,False
326,GretaThunberg,Greta Thunberg,1006419421244678144,Sverige,1935,8392,16909,7181,True
327,HYPunnet,Punnet,1675069442,,2739,106,15427,8307,False
328,TeamMarco,Team Marco,3001665106,USA,1680,449,1417,5340,True
329,KO_HongKong,Kristian Odebjer,27678697,Hong Kong,599,18,323,1883,False
330,JeromeTaylor,Jerome Taylor,27284203,Hong Kong,4645,1190,4042,73774,True
331,ProtonMail,ProtonMail,1927923236,"Geneva, Switzerland",303,2169,6089,13514,True
332,maggieNYT,Maggie Haberman,93069110,,4331,15211,61080,233605,True
333,bopinion,Bloomberg Opinion,227682918,Worldwide,470,4486,8075,167136,True
334,ayanchiu,ayana,172715703,Hong Kong,571,53,718,175,False
335,crystalchow913,Crystal C. Chow,345911054,Hong Kong,1173,27,559,504,False
336,ugauthier,Ursula Gauthier,142751969,"Paris, France",583,151,3491,13754,True
337,RulesDemocrats,House Committee on Rules,855482971868069890,"Washington, DC",337,123,84,1161,True
338,suelinwong,Sue-Lin Wong ÈªÑÊ∑ëÁê≥,257338156,"Shenzhen, China",1167,316,811,975,False
339,Dimi,Demetri Sevastopulo,59936143,,12816,1290,5981,20848,True
340,BrianLeungKP,Brian Leung Kai-Ping,814432960677965825,Hong Kong,366,72,740,261,True
341,WIONews,WION,711760467383877632,India,92,724,7576,115871,True
342,HelenGoodmanBA,Helen Goodman,277496722,Bishop Auckland,1518,472,9348,19404,False
343,mbrookerhk,Matthew Brooker,158274483,Hong Kong,2256,210,24432,28477,True
344,dicklp,Richard Lloyd Parry,20584681,Tokyo,1442,654,1727,7614,True
345,AbeShinzo,ÂÆâÂÄçÊôã‰∏â,468122115,,18,12423,10,1962,True
346,FreedomHKG,Freedom HK,1141725083099992064,Hong Kong,325,286,4096,2556,False
347,nuclearban,ICAN,88697946,"Geneva, Switzerland",1804,560,4735,14474,True
348,lokinhei,LO Kin-hei ÁæÖÂÅ•ÁÜô,89897705,Hong Kong,1116,210,12850,11097,True
349,SenTedCruz,Senator Ted Cruz,1074480192,"Houston, Texas",6821,8543,490,13484,True
350,RRRameshRRR,Ramesh Ramachandran,1217669886,Delhi via Lucknow & Kozhikode,2325,93,39074,40994,True
351,taylorswift13,Taylor Swift,17919972,,0,113402,691,463,True
352,RobinKwong,Robin Kwong,619123865,London,3705,375,8406,21308,True
353,IsaacChengCKL,ÈÑ≠ÂÆ∂Êúó Isaac Cheng,1139494670826758145,Hong Kong,33,16,2,40,False
354,jacques_clement,Jacques Cl√©ment,88156381,Hong Kong,289,96,9,1738,False
355,ryanhengchang,Ryan Chang ÂºµÁè©,3280518031,Hong Kong,328,9,41,203,False
356,Nectar_Gan,Nectar Gan,839227825,Hong Kong,1959,343,2473,2219,True
357,AJENews,Al Jazeera News,18424289,"Doha, Qatar",171,18768,1246,131312,True
358,ewong,Edward Wong,39030654,"Washington, DC",1879,2181,5115,33309,True
359,dktatlow,Didi Kirsten Tatlow,117244757,"Berlin, Germany",3448,654,9266,20986,False
360,AJStream,The Stream,236891946,,894,2938,14482,163233,True
361,FemiOke,Femi Oke,109669677,Washington D.C.,2440,753,40278,33302,True
362,GenerationHk,GenerationHK,847856727789780993,Hong Kong,4913,15,3,936,False
363,LowyInstitute,The Lowy Institute,83521919,"Sydney, Australia",1780,1437,1862,45786,True
364,Anade_Situma,Anade Situma,561181986,Washington DC + Kisumu + CT ,3750,22,7428,4630,False
365,brisbanetimes,Brisbane Times,18749677,"Queensland, Australia",1641,1298,159,63612,True
366,RobertDowneyJr,Robert Downey Jr,47786101,,63,17563,1294,652,True
367,MarkRuffalo,Mark Ruffalo,47285504,NYS,1855,14075,17788,41844,True
368,bethanstaton,Bethan Staton,81918921,London,2427,50,4628,1408,False
369,Sloane_boy,KL,49059777,#London SW3 ÂÄ´Êï¶  #HongKong È¶ôÊ∏Ø,694,13,251,610,False
370,bzand,Bernhard Zand,23950545,"Beijing, China",539,76,67,1242,True
371,jonstivers,Jonathan Stivers,155706407,"Washington, DC",615,30,1067,1907,False
372,RepBrownley,Congresswoman Julia Brownley,1243902714,"Ventura County & Washington, DC",1022,855,1,5951,True
373,JuliaBrownley,Julia Brownley,44251742,"Westlake Village, CA",53,334,0,653,True
374,RepLaHood,Darin LaHood,3686482216,"Dunlap, IL",1263,449,1300,2336,True
375,RepRickLarsen,Rep. Rick Larsen,404132211,Washington's 2nd District,5543,837,2649,10773,True
376,RepBillFlores,U.S. Representative Bill Flores,237312687,17th District of Texas,4385,982,6521,12093,True
377,wuonejin,Onejin Wu,1072624598,"Washington, DC",108,2,48,157,False
378,MattFerchen,Matt Ferchen,345867709,Berlin,518,83,66,757,False
379,SocHKStudies,Society for Hong Kong Studies,1091183387853766657,"21/F, Chun Wo Commercial Centre, 23-29 Wing Wo Street, Central",62,8,1,6,False
380,cng1238,Chris Ng,485894922,Hong Kong,112,5,256,184,True
381,OsloFF,Oslo Freedom Forum,56792300,Worldwide,1048,436,3742,17808,True
382,smh,The Sydney Morning Herald,16675569,"Sydney, Australia",713,6329,595,197788,True
383,markd_mortimer,Mark Mortimer,2913651285,"Bryanston, Dorset",177,12,4404,4394,False
384,ewarren,Elizabeth Warren,357606935,Massachusetts,549,15451,131,9759,True
385,mcgregorrichard,Richard McGregor,295849947,Sydney,1796,464,9913,17536,False
386,AOC,Alexandria Ocasio-Cortez,138203134,"Bronx + Queens, NYC",2421,16368,23826,10483,True
387,ChrisRBach,Christopher Bach,725303943295864832,"Arlington, VA",2108,14,492,3494,False
388,CardJosephZen,Joseph Zen,1089250348223602689,Hong Kong,1077,77,457,675,True
389,DrKwanEC,ÈóúÈÜ´Â∏´ Dr.KWAN Ka Lun,3270438588,È¶ôÊ∏Ø Hong Kong,394,20,1513,1485,True
390,toei_rider_ZIO,‰ªÆÈù¢„É©„Ç§„ÉÄ„Éº„Ç∏„Ç™„Ç¶,1012548575232815105,,31,1057,0,1724,False
391,mileskathleen,Kathleen Miles,65467398,"Los Angeles, CA",1620,161,5029,3429,True
392,enochlieu,Enoch Lieu,37689545,,669,14,2295,2847,False
393,berggruenInst,Berggruen Institute,1446376116,Los Angeles,2655,497,26506,12477,True
394,NoemaMag,The WorldPost,26566469,,3829,2564,3997,92923,True
395,ClarissaPharr,Clarissa Pharr,366048293,"New York, NY",4024,55,1049,997,True
396,fidh_en,FIDH,17386064,worldwide,1781,723,1450,12639,True
397,FrontLineHRD,Front Line Defenders,189087349,"Dublin, Ireland",5543,660,2737,13825,True
398,ForstMichel,Michel Forst,175786158,Paris (France),1559,200,1124,3580,True
399,mhasingapore,"Ministry of Home Affairs, Singapore",125601542,Singapore,15,73,18,3742,True
400,humanrightsasia,AHRC,55197224,Hong Kong,20,145,10,4169,False
401,forum_asia,FORUM-ASIA,250095791,Bangkok - Geneva - Jakarta - Kathmandu,1197,250,221,12057,True
402,UKinSingapore,UK in Singapore üá¨üáß,739657886,Singapore,895,186,2490,10059,True
403,RedWhiteBlueDot,U.S. Embassy Singapore,454645641,Singapore,1049,331,4191,10475,True
404,RepDonBacon,Rep. Don Bacon,818975124460335106,"Papillion, NE",579,420,8161,8394,True
405,QuickTake,Bloomberg QuickTake,252751061,,1357,7102,1039,184192,True
406,IFEX,IFEX,294071256,,1395,966,7934,104097,True
407,CDP2017,Á´ãÊÜ≤Ê∞ë‰∏ªÂÖöÔºà„Çä„Å£„Åë„ÇìÔºâ,914762049481084929,#‰ª§Âíå„Éá„É¢„ÇØ„É©„Ç∑„Éº,1290,2535,25561,24033,True
408,edanoyukio0531,ÊûùÈáéÂπ∏Áî∑ „Çä„Å£„Åë„Çì Á´ãÊÜ≤Ê∞ë‰∏ªÂÖö,894816050205794304,„Åï„ÅÑ„Åü„ÅæÂ∏ÇÂ§ßÂÆÆÂå∫,567,2238,1089,3310,True
409,ScottMorrisonMP,Scott Morrison,34116377,"Canberra, Australia",1740,1722,35,7746,True
410,StillLoudHK,Still / Loud,785031335416954880,Hong Kong,9,21,22,80,False
411,AsiaArtArchive,Asia Art Archive,47246492,Hong Kong,985,155,587,1915,False
412,NABEELRAJAB,Free Nabeel Rajab,24264540,"Jau prison, Bahrain",2246,1888,1041,56060,False
413,amhistorymuseum,National Museum of American History,17366486,"Smithsonian, Washington, D.C.",4621,4412,33147,63334,True
414,nyuniversity,New York University,28421825,New York,1090,1076,7061,19463,True
415,UofT,University of Toronto,821814254,"Toronto, Ontario, Canada",1305,584,18428,14511,True
416,rjamesbarrete,RJ Barrete,69234579,,916,31,50381,33713,False
417,RSF_en,RSF in English,710179663281319938,,1344,465,4666,11329,True
418,IAPC_ORG,IAPC,2742156026,Global,1636,25,34,8433,False
419,NOYDAsians,NOYDA,906443098535817216,Asia,95,0,2,38,False
420,NASA,NASA,11348282,,218,91573,10676,60747,True
421,RepPittenger,Congressman Robert Pittenger,950328072,,1291,502,229,8348,True
422,dgittings,Danny Gittings,17667806,Hong Kong,722,16,1932,431,False
423,rthkradio3,RTHK Radio 3,54818845,,249,33,38,2990,False
424,RepWOLFPress,Frank Wolf,237418907,"Washington, D.C.",356,325,0,350,True
425,stevedouble,Steve Double MP,21174263,St Austell Cornwall,1555,378,2337,10406,True
426,LantosSwettK,Katrina Lantos Swett,495379450,"Bow, NH",232,18,789,1107,False
427,chrlcg,‰∏≠ÂúãÁ∂≠Ê¨äÂæãÂ∏´ÈóúÊ≥®ÁµÑ China Human Rights Lawyers Concern Group,18626450,Hong Kong,887,190,410,7282,False
428,ElizabethEThorp,Elizabeth Wash Your Hands Thorp,2833177377,"Washington, DC",7729,230,123007,42668,True
429,HouseofCards,House of Cards,1023096199,"Washington, D.C.",34,3254,5646,31470,True
430,DavidJRMissal,David Missal,911849037887705088,"Essen, Germany",1014,44,4108,2891,False
431,welt,WELT,8720562,Berlin,219,6936,2233,433489,True
432,qberlin_,Q Berlin,806089656773332992,"Berlin, Deutschland",634,5,400,524,False
433,aslantv,Ali Aslan,274674059,,43,36,121,324,False
434,gerryshih,Gerry Shih,37860248,Near China,1801,939,9732,2692,True
435,gpi_germany,Global Perspectives Initiative,819880338478534659,"Berlin, Deutschland",1728,16,1187,885,False
436,USProgressives,Progressive Caucus,246088673,"Washington, D.C.",1157,1590,1143,12417,True
437,DivyaGnews,Divya Gopalan,588345726,,315,32,871,2327,False
438,theintl_world,The International,1041968913595035648,Hong Kong,2,0,3,15,False
439,BasBelderMEP,Bas Belder,224572743,,407,231,1106,27270,True
440,USCC_GOV,US-China Commission,620021507,"Washington, DC",195,216,34,1186,True
441,woodruffbets,Betsy Woodruff Swan,118245138,"Washington, DC",6477,2586,16871,2811,True
442,ChannelNewsAsia,CNA,38400130,Singapore,167,4945,240,479273,True
443,MarkFieldUK,Mark Field,81857654,"London, England",289,469,173,2613,True
444,FranceONUGeneve,France ONU Gen√®ve,562168451,Gen√®ve,1143,363,1369,14962,True
445,majian53,È©¨Âª∫ Ma Jian,454989010,"London, England",107,87,14,1137,False
446,RSF_eastasia,RSF East Asia,952755051491082240,"Âè∞ÂåóÂ∏Ç, Âè∞ÁÅ£",314,23,94,303,True
447,0naluna,–Ω–∞—Å —Å–º–µ—Ä—Ç—å —É—á–∏–ª–∞ —Ç–∞–Ω—Ü–∞–º,834334571592294400,–ê—Å—Ç–µ—Ä–æ–∏–¥ –ë-612,257,1,3924,5741,False
448,LaCroix,La Croix,12272292,,1238,1512,1504,147070,True
449,dorianmalovic,Dorian Malovic,2784231505,"Paris, France",2537,140,50601,21505,False
450,PlanetAllyApp,Planet Ally,758118784859115520,Australia | Kaurna & Hong Kong,4225,54,3381,4550,False
451,JohnBrassardCPC,John Brassard,38100599,"Barrie, Ontario",529,140,779,7783,True
452,Columbia,Columbia University,248795646,"New York, New York",617,2414,4973,26890,True
453,nyulaw,NYU Law,18814491,"New York, New York",414,835,942,27150,False
454,FChangy,Florence de Changy,1500511549,Hong Kong,290,40,254,600,False
455,ptr_yeung,Peter Yeung,19027806,,2418,493,3840,8995,True
456,hknationalparty,HK National Party,767945188941533185,Hong Kong,29,16,15,83,False
457,VJMallet,Victor Mallet,381589648,"Paris, France",2134,310,1175,10456,False
458,hktom,Tommy W,16497779,Hong Kong,2154,10,1092,13801,False
459,yttai,Benny Tai,235151336,Hong Kong,89,20,0,114,False
460,lionelbarber,Lionel Barber,1060578475,London,670,1532,5531,9361,True
461,JamilAnderlini,Jamil Anderlini,352195755,Hong Kong,562,358,36,7330,False
462,alvinllum,Alvin Lum,36906151,,1508,391,1807,5339,True
463,MattxRed,Matt Deitsch,1317129865,"Parkland, FL",2153,430,66226,13515,True
464,Emma4Change,Emma Gonz√°lez,965266179836252161,Gender: Agnostic,259,3560,4629,3251,True
465,TheAlanvargas,Alan Vargas,741665214832070656,"Corona, CA",5020,23,24390,17151,False
466,SecPompeo,Secretary Pompeo,988573326376427520,,50,4798,10,2583,True
467,statedeptspox,Morgan Ortagus,1967216306,"Dept. of State, Washington, DC",772,2795,62,7418,True
468,snmyoung,Simon NM Young,342737561,University of Hong Kong,811,18,1105,2109,False
469,kiekerb,Burkhard Kieker,281613720,"Berlin, Deutschland",1119,13,2653,1906,False
470,robertguest1,Robert Guest,372798788,London,372,122,10,687,True
471,thefourthgroup,The Fourth Group,743401687063404545,,4900,36,1593,2222,False
472,AlvinCarpio,Alvin Carpio,45404490,"London, United Kingdom",9851,161,11296,13241,False
473,johannylander,Johan Nylander,17943627,"Hong Kong, China",1686,50,841,971,False
474,yikwanchu,Jun Chu,121697367,Singapore,949,13,6372,1051,False
475,PravitR,Pravit Rojanaphruk,325417766,"Bangkok, Thailand ",1436,398,7165,123014,True
476,cducsubt,CDU/CSU,46085533,Berlin,833,1258,8725,23965,True
477,sandra_weeser,Sandra Weeser,858362895075340288,"Betzdorf, Deutschland",1196,60,13438,4194,True
478,DJanecek,Dieter Janecek,52024480,M√ºnchen,1619,461,20617,43080,True
479,GabyKatzmarek,Gabriele Katzmarek,3017602065,"Rastatt, Deutschland",496,61,1915,1262,True
480,Jeremy_Hunt,Jeremy Hunt,112398730,,1042,2476,162,5293,True
481,yauwaiching,Yau Wai Ching Ê∏∏ËïôÁ¶é,781290180409909248,È¶ôÊ∏Ø,367,45,121,132,False
482,vladomirosevic,Vlado Mirosevic Verdugo,14989742,Arica,7310,281,9436,25543,False
483,Liberales_Chile,Partido Liberal,13239212,Chile,3354,147,5153,9291,False
484,BCfmRadio,BCfm Radio,297943894,"Bristol, England",2069,166,6756,23617,True
485,cnewsgovhk,È¶ôÊ∏ØÊîøÂ∫úÊñ∞ËÅûÁ∂≤,191367847,Hong Kong È¶ôÊ∏Ø,8,214,0,24448,True
486,newsgovhk,Hong Kong Govt News,162911977,Hong Kong,62,426,2,16654,True
487,newsgovhk_cpr,È¶ôÊ∏ØÁâπÂçÄÊîøÂ∫úÊñ∞ËÅûÂÖ¨Â†±,167270231,Hong Kong,3,127,1,75104,False
488,TonyGosling,Tony Gosling ‚úà,8863322,"Bristol, UK",904,249,14792,79834,False
489,yennikwok,Yenni Kwok,730002074,Hong Kong,1752,276,5982,68602,True
490,supchinanews,SupChina,4113647331,New York City,1779,441,981,15633,False
491,LantosFndn,Lantos Foundation,485004219,,214,42,340,2702,False
492,EconomistEvents,The Economist Events,46575796,Global,1002,537,3907,20238,True
493,aminterest,American Interest,82355600,Washington DC,455,483,136,37568,True
494,fungkakeung,Fung Ka Keung,2524821,Hong Kong,463,13,54,5517,False
495,HsiaoATaipei,Hsiao Hsin-Sheng Ëï≠Êñ∞Êôü,1028885602899382273,"Taipei City, Taiwan",304,11,206,201,False
496,civilresistance,ICNC,117102136,"Washington, DC",7074,357,2406,15624,False
497,StanfordCDDRL,Stanford CDDRL,162581795,Stanford University,869,354,3026,5344,True
498,maryhui,Mary Hui,25796143,Hong Kong,1195,512,8286,8629,True
499,technology,Bloomberg Technology,21272440,San Francisco,158,6103,92,52540,True
500,dialogue_china,Dialogue China,988888433614614528,United States,176,8,38,145,False
501,Digi_advntr20th,„ÄêÂÖ¨Âºè„Äë„Éá„Ç∏„É¢„É≥„Ç¢„Éâ„Éô„É≥„ÉÅ„É£„Éº LAST EVOLUTION ÁµÜ,2646789230,„Éá„Ç∏„Çø„É´„ÉØ„Éº„É´„Éâ,81,1040,201,5029,False
502,digimon_info,„ÄêÈùûÂÖ¨Âºè„Äë„Éá„Ç∏„É¢„É≥„Éò„ÉÉ„Éâ„É©„Ç§„É≥,260094401,,14,67,6,56420,False
503,kakudou,ËßíÈäÖÂçö‰πã,103310439,Êù±‰∫¨,538,219,475,26467,False
504,IFLRY,IFLRY | International Federation of Liberal Youth,32319337,"Berlin, Germany",505,86,1046,1981,False
505,alrachwania,Ahmad Rachwani,266555834,Beirut,946,13,1094,2301,False
506,monst_campaign,„É¢„É≥„Çπ„Éà„Ç≠„É£„É≥„Éö„Éº„É≥ÔºàÂÖ¨ÂºèÔºâ,751067863180607488,,12,599,15,1183530,True
507,tcdphil,The Phil,127008830,"G.M.B, Trinity College Dublin",369,36,854,4474,False
508,FRANCE24,FRANCE 24,1994321,"Paris, France",453,10379,1164,337696,True
509,nytopinion,New York Times Opinion,16686144,"NYC, London, Paris, Hong Kong",1437,7707,4233,179005,True
510,tolokno,nadya,203843920,,623,940,933,11754,True
511,nytvideo,New York Times Video,16929520,"New York, NY",422,2137,441,18104,True
512,tayari,Tayari Jones,4345931,Atlanta,1897,759,14468,65729,True
513,LiverightPub,Liveright Publishing,454251975,"Manhattan, NY",1585,98,8706,6356,True
514,pussyrrriot,ùñïùñöùñòùñòùñû ùñóùñéùñîùñô,2479224200,,359,1063,1652,5570,True
515,RafaelMdeMorais,Rafael Marques,1674277502,Luanda,319,119,26,570,False
516,holmeschan_,Holmes Chan,821668846826356736,Hong Kong,1553,140,3918,1666,True
517,rogerboyes,Roger Boyes,111033321,London,1859,185,4308,7284,False
518,USAinHKMacau,US Con HK & Macau,266562691,Hong Kong,314,159,40,3078,True
519,tsubasa_news,„Ç≠„É£„Éó„ÉÜ„É≥Áøº„Éù„Éº„Çø„É´ÂÖ¨Âºè,938330180937949184,,72,164,30,3326,False
520,abcnews,ABC News,2768501,Australia,1207,12102,2770,294297,True
521,ForeignPolicy,Foreign Policy,26792275,,571,19066,1262,110752,True
522,hksadmissions,hksadmissions,720665479900176386,"Cambridge, MA",54,11,1,758,False
523,HobbySite,BANDAI SPIRITS „Éõ„Éì„Éº‰∫ãÊ•≠ÈÉ®,275439447,Êù±‰∫¨ÈÉΩÂè∞Êù±Âå∫,46,1528,93,10135,False
524,eskindernega,Eskinder Nega,634805671,Ethiopia,682,39,26,102,False
525,TheyWorkForYou,TheyWorkForYou,297431777,UK,761,117,313,2236,False
526,Alston_Kwan,ÈóúÂ†Ø ¬∑ Alston Kwan,804913514087231488,Orange County,3066,80,12894,6722,False
527,SimoneFilippini,Simone Filippini üê¨,116385296,"The Hague, The Netherlands",4854,201,11436,21275,False
528,thepowerofawish,Athena Tong,162304183,"Mid-Levels, Hong Kong",193,0,34,10,False
529,activetallinn,Teele Pehk,2849494025,"Tallinn, Estonia",161,11,36,140,False
530,sopasia,SOPA - The Society of Publishers in Asia,163328805,Asia,569,44,526,2898,False
531,Queen_Europe,Lockdown Angela,407347022,Lost in the Eurozone,81,1420,4,2953,False
532,LauraMannering,Laura Mannering,957450276,Europe/Hong Kong,3634,99,2267,989,False
533,alfonslopeztena,Alfons L√≥pez Tena,309705905,Catalonia,17178,1330,10442,152354,True
534,MOFA_Taiwan,"Â§ñ‰∫§ÈÉ® Ministry of Foreign Affairs, ROC (Taiwan) üáπüáº",976995099170062338,"Taipei City, Taiwan",449,524,7355,2849,True
535,michaelcaster,Michael Caster,18761665,Itinerant,875,74,2087,6880,False
536,ArtExchangeUoE,ArtExchange,607185639,UoE Colchester,1042,35,1957,2729,False
537,JiayangFan,Jiayang Fan,418780384,New York,578,549,14881,5911,True
538,ommarwah,om marwah,1355993270,samsara,1050,29,125,492,False
539,NatalieReuters,Natalie Thomas,218038580,Everywhere,983,182,226,2107,False
540,tmitchpk,Tom Mitchell,397047096,,56,191,202,447,False
541,benjaminbland,Ben Bland,34003766,"Sydney, New South Wales",2572,605,26,19491,True
542,bartolah,Bart Myers,24796288,"San Francisco, CA",3357,126,3033,3831,False
543,countable,Countable,1537558634,SF + DC,13164,293,10569,13617,True
544,ChinaRealTime,WSJ China Real Time,16994529,China,103,4480,122,16784,True
545,prattprattpratt,chris pratt,241382835,,473,11886,1361,4122,True
546,Avengers,The Avengers,393852070,,49,7036,188,53074,True
547,ChrisEvans,Chris Evans,580097412,,629,13926,0,1584,True
548,TomHolland1996,Tom Holland,624056226,Home,96,4314,78,1343,True
549,ftchina,FT China,15861355,,22,4362,0,18869,True
550,zhonggg,Raymond Zhong,212167191,,420,233,114,771,False
551,paulmozur,Paul Mozur Â≠üÂª∫ÂõΩ,76347918,Shanghai,3729,1288,3597,11024,True
552,MarvelStudios,Marvel Studios,750751206427860992,,93,4372,1291,10000,True
553,HongKongTourism,Hong Kong Tourism Board / USA,111645857,"Los Angeles, CA",2087,836,4398,12916,True
554,thelawcouncil,Law Council,2646617678,Australian Capital Territory,501,111,668,6037,False
555,CanadaFP,Foreign Policy CAN,121514648,Canada,1215,1618,226,25729,True
556,dfat,DFATüá¶üá∫,273730280,Australia,777,1248,10735,21025,True
557,politicshome,PoliticsHome,16558943,"Westminster, London",1397,2116,94,185694,True
558,ArnauPadro,Arnau Padr√≥üéóÔ∏è,277401057,Entre Manresa i Barcelona,1300,32,9728,26204,False
559,Mike_Pence,Mike Pence,22203756,,40,9101,730,9210,True
560,USUN,U.S. Mission to the UN,249677516,"New York, NY",1106,2271,582,16819,True
561,AmbNikkiHaley,Archive: Ambassador Nikki Haley,37666984,"New York, NY",331,4876,4378,5813,True
562,KongTsungGan,Kong Tsung-gan / Ê±üÊùæÊæó,3069292650,,1088,492,5413,24827,False
563,HongKongUPR,HongKongUPR,950197846870933504,Hong Kong,345,14,219,482,False
564,MaddieBridgett,Madeleine Bridgett,22747248,International,2497,23,3462,2739,False
565,MPWangTingyu,ÁéãÂÆöÂÆá Wang Ting-yu MP üáπüáº,883578527240511489,Taiwan,1447,109,5942,1295,True
566,mattgaetz,Matt Gaetz,58579942,"Fort Walton Beach, FL",2578,1776,11619,12440,True
567,southern_idiot,ÂçóÊñπÂ§ßÂÇªÁìú,890827164362342400,,103,4,41,790,False
568,MattersLab,Matters Lab,919949688287084545,,168,52,192,1705,False
569,RedRiverMovies,Red River Theatres,38156150,"Concord, New Hampshire",231,49,460,1850,False
570,asiatimesonline,Asia Times,110922804,Asia,546,1148,104,45006,True
571,markets,Bloomberg Markets,69620713,New York,282,10191,107,122146,True
572,InkstoneNews,Inkstone,903207823919669248,,92,332,110,12889,True
573,AMarch4OurLives,March For Our Lives,965015705123930114,,584,1466,5615,4495,True
574,tedlieu,Ted Lieu,21059255,California,9908,6742,56389,25192,True
575,davidhogg111,David Hogg,1915033663,"Parkland , FL",1909,3506,12501,10411,True
576,fccchina,Foreign Correspondents' Club of China,42800608,"Beijing, China",21,516,92,652,False
577,ForeignAffairs,Foreign Affairs,21114659,"New York, NY",2002,12379,469,64621,True
578,loktinau,Au Nok Hin ÂçÄË´æËªí,143388683,"ÂçóÂçÄ, È¶ôÊ∏Ø",178,48,30,3966,False
579,FinancialReview,Financial Review,19050000,Australia,370,3322,358,187250,True
580,digimonweb_net,„Éá„Ç∏„É¢„É≥„Ç¶„Çß„ÉñÂÖ¨Âºè,865146283652038656,Êù±‰∫¨ÈÉΩÂè∞Êù±Âå∫,18,243,12,1633,False
581,faznet,Frankfurter Allgemeine,18047862,Frankfurt am Main,301,5297,1535,175228,True
582,freshpancake_fp,a,719427536,È´òÁî∞È¶¨Â†¥,668,0,725,3294,False
583,gundamvs,Ê©üÂãïÊà¶Â£´„Ç¨„É≥„ÉÄ„É†EXVS.„Ç∑„É™„Éº„Ç∫ÂÖ¨Âºè,166104093,,3647,781,5,4103,False
584,ChinaUncensored,China Uncensored,833100331,New York,999,346,1807,3934,False
585,theblackpanther,Black Panther,2847028078,,24,1883,16,722,True
586,BBCYaldaHakim,Yalda Hakim,27831488,London via Sydney & Kabul,4972,610,6010,12375,True
587,AsCorrespondent,Asian Correspondent,83388545,Kuala Lumpur City,2296,1625,1103,69117,False
588,jchristychoi,Christy Choi,352372296,Hong Kong,896,96,1489,2817,False
589,Diplomat_APAC,The Diplomat,39922594,"Tokyo, Japan",854,4027,1407,81336,True
590,NDP,NDP,188007231,Canada,1339,1049,7333,11775,True
591,theJagmeetSingh,Jagmeet Singh,253340075,Canada,1438,1066,2765,12523,True
592,ElizabethMay,Elizabeth May,16220555,"Sidney, British Columbia",6680,3771,33638,86393,True
593,Feleaks,Felix Marquardt,78152000,Chantier du Coq,1088,180,7816,19865,True
594,gideonrachman,Gideon Rachman,17133897,London and the world,451,1963,4345,13152,False
595,missy_lao,Missy Lao,252884794,Hong Kong üá≠üá∞üè≥Ô∏è‚Äçüåàüò∑,792,138,19639,5969,False
596,RepJenniffer,Jenniffer Gonz√°lez,819744763020775425,"Washington, DC and Puerto Rico",674,260,2017,6791,True
597,Europarl_EN,European Parliament,36329597,Brussels/Strasbourg,9306,5453,65,19622,True
598,andreykovatchev,Andrey Kovatchev,189082017,Bulgaria,1153,198,352,801,True
599,sebastianveghk,Sebastian Veg,2837810138,Paris,399,140,6531,3543,False
600,BeatHappenings,Beat Happening,755566348734910465,United States,348,4,883,17100,False
601,bensonwk,Benson Wong,48247037,HKG,452,7,1162,4306,False
602,visactu,Visactu,3146582413,Paris,1235,369,4378,11250,True
603,hkchrislau,Chris Lau,44837987,Hong Kong,1861,339,946,13059,True
604,joannachiu,Joanna Chiu Ë∂ôÊ∑áÊ¨£,98077302,"Vancouver, often roaming ",7925,983,29526,26261,True
605,alexchow18,Alex Chow,3645673577,,647,15,24,45,False
606,JustinTrudeau,Justin Trudeau,14260960,Papineau,945,13419,114,29296,True
607,tepingchen,Te-Ping Chen,82188320,"Philadelphia, via Beijing",1910,658,5550,4263,True
608,GarnettGenuis,Garnett Genuis,235122381,Sherwood Park,3883,181,524,5298,True
609,TRF,Thomson Reuters Foundation,295713773,Worldwide,3859,1105,11071,62430,True
610,JoDemocracy,Journal of Democracy,1140333373,"Washington, D.C.",659,195,95,498,False
611,congressdotgov,Congressdotgov,288308178,"Washington, DC",29,1249,686,10033,True
612,hongkongpen,PEN Hong Kong,778208542952005633,Hong Kong,781,70,167,1546,True
613,beijingcalling,Bernice Chan,23403718,Hong Kong,558,168,2782,19764,True
614,IndexCensorship,Index on Censorship,19341389,London,1752,1852,2203,82348,True
615,simjhenderson,Simon Henderson,3285866094,"Sydney, Australia",946,35,5576,2835,False
616,WeAreBrightBlue,Bright Blue,122662012,,3516,238,1499,18017,True
617,hk_watch,Hong Kong Watch,914877149164789760,,594,288,243,1645,False
618,JMSCHKU,JMSC,89414788,Hong Kong,804,299,2771,6807,True
619,KRLS,Carles Puigdemont,11611502,"Brussels, Belgium",4900,3037,1127,20912,True
620,CataloniaPD,Diplocat. Public Diplomacy Council of Catalonia.,1285894094,,2114,467,2820,16441,False
621,appmon_official,„Éá„Ç∏„É¢„É≥U „Ç¢„Éó„É™„É¢„É≥„Çπ„Çø„Éº„Ç∫ÂÖ¨Âºè,737933308181417984,,43,174,299,999,True
622,CSW_UK,CSW_UK,20766844,UK,1085,173,11181,14114,False
623,liberalinternat,Liberal International,81883124,"London, England",1029,180,2090,8595,True
624,JuliMinoves,Juli Minoves,2731949267,,492,34,2740,1221,False
625,flatherings,Paul Flather,176491753,Oxford,147,4,316,899,False
626,WMEBooks,WME Books,703152434,,1023,44,331,1627,False
627,BenSasse,Ben Sasse,1480852568,"Fremont, Nebraska",808,2562,6492,8889,True
628,GordonRamsay,Gordon Ramsay,110365072,,35452,12818,839,22829,True
629,OxfordUnion,Oxford Union,40305538,"Oxford, England",778,359,994,7199,True
630,erika_asahi,Erika Toh (Ëó§„Åà„Çä„Åã),468230867,Tokyo or Los Angeles,2182,602,8254,19169,True
631,DissidentPooh,Dissident Pooh,887023020799283200,,360,9,173,55,False
632,CNNJustin,Justin Lear,22642829,Atlanta,3685,286,3549,23646,True
633,spreadarms,ÈöÖ‰øä‰πã/Toshiyuki Sumi,74727295,"New York, USA",2025,182,5900,23750,False
634,NewYorker,The New Yorker,14677919,"New York, NY",361,62478,1996,108489,True
635,NobelPrize,The Nobel Prize,16465385,"Stockholm, Sweden",578,4799,603,9623,True
636,Malala,Malala,937499232,,399,3351,1578,580,True
637,UKIP,UKIP,358204197,United Kingdom,3645,1581,3136,39155,True
638,UKLabour,The Labour Party,14291684,,11755,4618,285,27741,True
639,Conservatives,Conservatives #StayAlert,14281853,,1772,4340,1513,23289,True
640,theresa_may,Theresa May,747807250819981312,,30,4704,105,1773,True
641,freedomnoworg,Freedom Now,150351417,"Washington, DC",613,100,1386,10684,True
642,JaredGenser,Jared Genser,559028753,"Washington, D.C.",557,121,1013,5840,True
643,GundamVersus,„ÄêÂÆ∂Â∫≠Áî®ÂÖ¨Âºè„Äë„ÄåÊ©üÂãïÊà¶Â£´„Ç¨„É≥„ÉÄ„É† VS.„Äç„Ç∑„É™„Éº„Ç∫,715748488156307456,,21,235,346,555,False
644,danwashburn,Dan Washburn,1135051,"Media, PA",729,368,95,7131,True
645,WSJAsia,WSJ Asia,28137012,Asia,576,2852,92,96753,True
646,AsiaSociety,Asia Society,16300314,"New York, NY",2185,2165,5237,30510,True
647,AsiaSocietyNY,Asia Society NY,224701749,New York,567,278,1624,13833,True
648,soundfury,ÂºµÈêµÂøó T.C. Chang,8185232,Taiwan,874,468,1376,16430,False
649,gaoyu200812,È´òÁëú,99501796,Âåó‰∫¨,1022,786,13653,6478,False
650,FrankctHsieh,Ë¨ùÈï∑Âª∑ Frank CT Hsieh,31697960,,22,112,1,5279,False
651,DPPonline,Ê∞ë‰∏ªÈÄ≤Ê≠•Èª®,32246010,Taiwan,72,284,604,5457,True
652,iingwen,Ëî°Ëã±Êñá Tsai Ing-wen,155814794,Taipei City,21,3337,229,2999,True
653,haasbenjamin,Benjamin Haas,217295265,"City, Country",930,446,2277,6246,True
654,natashakhanhk,Natasha Khan,1038841076,Hong Kong,10650,637,697,14793,True
655,julianaliu,Juliana LiuÂäâÊûó,24235336,Hong Kong,1399,296,1353,2843,False
656,ChuBailiang,Chris Buckley ÂÇ®Áôæ‰∫Æ,19383099,Beijing,2590,2358,46,25118,True
657,ManYuen_Ng,Âê≥ÊñáÈÅ† Avery Ng,249504731,Hong Kong,134,43,1,1704,False
658,Change,Change.org,15947602,,658,9265,1197,31493,True
659,Storyful,Storyful,119714092,Global,10016,2872,666,27850,True
660,ThomasMaresca,Thomas Maresca,292752663,tm@thomasmaresca.com,1362,68,1415,1941,False
661,PabloDiez_ABC,Pablo M. D√≠ez,426379678,Pek√≠n - Beijing,2792,340,10,40556,True
662,fion_li,Fion Li,70696481,Hong Kong,2583,1119,5483,37257,True
663,PeterPaccone,Peter Paccone,2964765677,"Los Angeles, CA",2427,53,3180,3806,False
664,junhyupkwon,Junhyup Kwon,294598756,ÎåÄÌïúÎØºÍµ≠ ÏÑúÏö∏,204,6,309,2137,True
665,yuenok,Elaine Yu,1639530362,,1607,355,1793,2214,True
666,BBGVisualData,Bloomberg Graphics,1433652877,,110,2131,1578,8392,False
667,YonahFund,Yonah Fund,3685522283,"New York, USA",3805,186,240,1398,False
668,BBCCarrie,Carrie Gracie,120071591,,467,580,2539,2464,True
669,SADL_OSAKA,Ôº≥Ôº°Ôº§Ôº¨,3022264819,Â§ßÈò™,1418,193,970,13656,False
670,teensSOWL,T-nsSOWL,3261554532,,504,209,537,3325,False
671,hermita_akiba,„Ç®„É´„Éü„Çø„Éº„Ç∏„É•ÁßãËëâÂéü,51693910,,809,1476,1549,69977,False
672,peee825,Moeko Mizoi,3245744035,,453,39,7380,2503,False
673,williamnee,William Nee,73062993,Hong Kong,6027,329,18834,31389,False
674,charliechar,Charlie Phillips,13995082,"Folkestone, England",3518,181,335,72835,True
675,APPCG,China APPG,107993690,"Westminster, London",700,42,176,1176,False
676,aki21st,i,270136664,???,3592,593,13021,34875,False
677,KP_Taipei,ÊüØÊñáÂì≤ Ko Wen-Je,706869314746327040,"Taipei City, Taiwan",69,363,395,1113,True
678,RoperCenter,Roper Center,33978061,"Cornell University, Ithaca, NY",2719,267,1317,6623,True
679,ReDEMOS_JPN,ReDEMOSÔºà„É™„Éá„É¢„ÇπÔºâ,4507468872,Êó•Êú¨,167,135,322,1532,False
680,LizEconomy,Elizabeth Economy,331215435,New York,203,600,182,4958,False
681,shiminrengo,Â∏ÇÊ∞ëÈÄ£Âêà,4497623061,,4625,600,2182,12094,False
682,elyratner,Ely Ratner,2205050719,"Washington, D.C.",796,324,135,2617,False
683,samanthalui_,Samantha Lui,148132182,"Toronto, Ontario",792,38,782,16226,False
684,public4f,Êú™Êù•„ÅÆ„Åü„ÇÅ„ÅÆÂÖ¨ÂÖ±,841718848709513216,,464,326,399,6926,False
685,KenWada,ÂíåÁî∞ÂÅ•‰∏ÄÈÉéÔºàÁôΩ‰∫ïÂ∏ÇË≠∞ÔºâJI1MSG ‰∏ÄÈô∏ÊäÄÂêàÊ†ºÔºÅ,108835243,ÂçÉËëâÁúåÁôΩ‰∫ïÂ∏Ç,1425,12,7305,2436,False
686,ray_slowbeat,Ray Chan,21945983,Hong Kong ,870,201,17398,6139,True
687,jnpc1969,Êó•Êú¨Ë®òËÄÖ„ÇØ„É©„Éñ,505646837,,5,106,2,1369,False
688,reddit_AMA,reddit AMA,524487620,"California, USA",546,730,6744,10977,False
689,KarolinaSutton,Karolina Sutton,202105779,,2538,290,6995,10782,False
690,TheAPJournalist,Andrew Peng,1543801099,Glued to a Bloomberg Terminal,5599,313,35872,93990,False
691,keithrichburg,Keith Richburg,21145268,Hong Kong,632,387,1787,5538,True
692,EricCheungwc,Eric Cheung,1678851919,Hong Kong,555,291,1314,5378,True
693,FortuneMagazine,FORTUNE,25053299,New York,507,23298,2799,219554,True
694,siweiluozi,Joshua Rosenzweig,16021618,Hong Kong,740,329,1982,17295,False
695,EmmanuelMacron,Emmanuel Macron,1976143068,France,712,9590,38,9047,True
696,RepBarbaraLee,Rep. Barbara Lee,248735463,"Washington, DC and Oakland, CA",16238,3302,4390,11308,True
697,RepSpeier,Jackie Speier,24913074,,21681,2220,526,6627,True
698,RepSwalwell,Rep. Eric Swalwell,942156122,"East Bay, CA & DC (CA-15)",9368,4351,20858,13411,True
699,IvanCNN,Ivan Watson,85243004,South Korea,346,2787,617,20301,True
700,RottenTomatoes,Rotten Tomatoes,20108560,Los Angeles,1388,14231,7140,44282,True
701,BComuGlobal,BComu Global,3322751109,"Barcelona, Spain",3532,140,2969,7957,False
702,jwassers,Jeff Wasserstrom,278263517,California SAR,3277,624,74,52365,False
703,HoustonPress,Houston Press,16621190,"Houston, TX",2634,1950,253,69325,True
704,chinaquarterly,The China Quarterly,1410398054,"SOAS, University of London",109,331,127,660,False
705,kinzie__,Kinzie,59071879,,209,10,124,1576,False
706,tomjrowley,Tom Rowley,68782424,"London, England",3255,102,5365,9050,True
707,anthonyted,Ted Anthony,15854776,"New York, NY/Pittsburgh, PA",4082,366,1910,10590,True
708,Fahrenthold,David Fahrenthold,61734492,"Washington, DC",4890,8565,11555,48205,True
709,wilfredchan,wilfred chan,17938103,new york / hong kong,991,619,17212,13001,True
710,AAJAAsia,AAJA-Asia,300737699,Asia,476,154,277,6068,False
711,n3conference,N3Con by AAJA-Asia,828537417502056449,,330,6,22,205,False
712,taniabranigan,tania branigan,56967720,,3279,1150,30,18438,False
713,HongKongPLG,Progressive Lawyers Group Ê≥ïÊîøÂåØÊÄù,861437709943844864,Hong Kong,149,145,1916,921,True
714,kristynwongtam,Kristyn Wong-Tam,20452161,"Toronto, Turtle Island",2161,768,9750,43763,True
715,Henheffer,Tom Henhefferüè≥Ô∏è‚Äçüåà,169938496,Toronto,1973,74,4283,10249,True
716,austinramzy,Austin Ramzy,45808079,Hong Kong,4276,1706,4069,27405,True
717,SenBobCorker,Senator Bob Corker,73303753,Tennessee,562,3530,122,4288,True
718,SenAngusKing,Senator Angus King,1068481578,,552,2042,150,4740,True
719,SenSasse,Senator Ben Sasse,2962923040,,1,1802,1,910,True
720,RepBeatty,Joyce Beatty,1531521632,Ohio's Third District,1785,849,2655,9904,True
721,JoyceBeatty,Joyce Beatty,582070020,"Columbus, Ohio",365,185,1765,2479,True
722,TeamPelosi,Nancy Pelosi,2461810448,San Francisco,8207,1661,1468,7560,True
723,RepJimMcDermott,Jim McDermott,132201224,,1273,886,23,1886,True
724,RepMcGovern,Rep. Jim McGovern,242426145,"Massachusetts, USA",654,1570,1054,11401,True
725,hotdocs,Hot Docs,19632023,"Toronto, Ontario, Canada",3683,1531,25227,27239,True
726,Gundisalvus,Mike Gonzalez,20792657,"Washington, DC",3377,162,718,13735,False
727,HouseForeignGOP,House Foreign Affairs GOP,75367781,"Washington, DC",4309,1200,341,14326,True
728,oftosa,Of Tosa,2302326066,Hong Kong,1701,78,63800,65248,False
729,lehilgers,Lauren Hilgers,258646084,,349,29,5192,1456,False
730,MalcolmMoore,malcolmmoore,14745264,London,4984,1262,786,17321,True
731,GeorgeHWBush,George Bush,475988505,"Houston, TX",20,2107,1,105,True
732,ziadahmed,Ziad Ahmed,3309943254,NJ/CT/NYC,743,123,18214,10217,True
733,SarahWongTV,Sarah Wong,2784325386,Hong Kong,397,6,616,1123,False
734,gillianwong,Gillian Wong / ÈªÑÊï¨ÈæÑ,15848824,Hong Kong,6831,1139,3389,8033,True
735,joshchin,Josh Chin,14831475,China,2657,1460,5187,15523,True
736,gadyepstein,Gady Epstein,24674124,"Brooklyn, NY",3577,1618,22865,24161,True
737,rob_schmitz,Rob Schmitz Âè≤ÊòéÊô∫,141340085,"Berlin, Germany",1340,612,1351,6315,True
738,TelegraphNews,Telegraph Breaking News,14138785,"London, UK",236,12085,30,211077,True
739,JP_Reimann,JP Reimann,835695384294903809,Hong Kong,645,8,1657,764,False
740,USATODAY,USA TODAY,15754281,"USA TODAY HQ, McLean, Va.",628,33346,2311,319353,True
741,MSNBC,MSNBC,2836421,,689,23951,797,207319,True
742,Newsweek,Newsweek,2884771,"New York, NY",518,36571,2667,238131,True
743,cnni,CNN International,2097571,Everywhere,370,40053,135,229277,True
744,HuffPostContrib,HuffPost Contributor,131500972,"New York, NY",642,1443,111,67973,True
745,shumwainam,Andrew Shum Wai Nam Ê≤àÂÅâÁî∑,40658794,Hong Kong,375,6,74,72,False
746,CHRDnet,CHRD‰∫∫ÊùÉÊççÂç´ËÄÖ,78761555,contact@nchrd.org,5991,414,370,27318,True
747,hrw_chinese,‰∫∫ÊùÉËßÇÂØü HRW Chinese,187428824,Asia,1075,438,193,12191,True
748,NetflixUK,Netflix UK & Ireland,231183280,UK & Ireland,1866,1599,12183,49829,True
749,AmnestyUK,Amnesty UK,14095052,United Kingdom,2669,3165,26379,29542,True
750,thehill,The Hill,1917731,"Washington, DC",266,25871,10,734704,True
751,amnestyHK,Amnesty International Hong Kong,39920637,Hong Kong,357,206,82,8134,True
752,nojima_tsuyoshi,ÈáéÂ∂ãÂâõ,269806878,Êù±‰∫¨,3352,184,395,2612,False
753,crshacho,CHEUNG YM„ÄÄÂºµÂΩßÊöã„ÉÅ„Éß„Éº„Ç§„ÇØ„Éû„É≥,273903994,È¶ôÊ∏Ø,271,80,848,6861,False
754,alisonHRW,Alison Parker,290231755,"Oakland, CA",162,45,2,422,True
755,CNNBusiness,CNN Business,16184358,Global,963,20013,302,176041,True
756,RBlumenstein,Rebecca Blumenstein,598818721,,1182,388,629,1334,True
757,patrickpoon,Patrick Poon ÊΩòÂòâÂÅâüéó,14169130,Hong Kong (under CCP attack),7417,366,5544,25793,False
758,damon_pang,Damon Pang,3384104129,Hong Kong,888,303,838,6469,True
759,hrwfilmfestival,Human Rights Watch Film Festival,257183221,,3247,425,7824,12553,True
760,SpeakerRyan,Paul Ryan,18916432,"Janesville, WI",247,12029,490,14758,True
761,RandPaul,Senator Rand Paul,216881337,"Bowling Green, KY",497,12397,862,13785,True
762,JebBush,Jeb Bush,113047940,"Miami, FL",276,6148,575,6236,True
763,tedcruz,Ted Cruz,23022687,"Houston, Texas",6293,12008,1412,26984,True
764,timmysung,Timmy Sung üéô,71172156,Hong Kong,445,265,603,3250,True
765,BenCardinforMD,Ben Cardin,278094476,Maryland,1453,331,730,1913,True
766,IBTimesUK,IBTimes UK,47916714,London,1062,1097,1312,195706,True
767,jeremycorbyn,Jeremy Corbyn,117777690,UK,2791,6911,542,14409,True
768,CatherineWest1,Catherine West MP,351812038,"London, England",4035,489,14328,27541,True
769,benedictrogers,Benedict Rogers ÁæÖÂÇëÊñØ,49035671,London,6831,367,14395,93891,False
770,emilyrauhala,Emily Rauhala,45511355,"Washington, DC",5447,1107,16835,14355,True
771,CharlieCamp6ell,Charlie Campbell,994638114,Shanghai,738,206,724,2825,True
772,NBCNews,NBC News,14173315,"New York, NY",1835,42310,790,258984,True
773,Forbes,Forbes,91478624,"New York, NY",5285,56187,10328,243203,True
774,MaggieQ,Maggie Q,256157199,,17,1865,184,1339,True
775,QuarantinedEliz,Elizabeth Barber,343723918,"Queens, NY",795,93,940,1767,False
776,hcregan,Helen Regan,217035521,Hong Kong,1019,85,526,1843,True
777,david_m_stout,David Stout,328339402,"Islamabad, Pakistan",1049,128,1339,3820,True
778,ZAbdoolcarim,Zoher Abdoolcarim,1547672780,,520,109,1467,12840,False
779,timeouthk,Time Out Hong Kong,26179896,Hong Kong,451,889,210,6393,True
780,TomCruise,Tom Cruise,48410093,Worldwide,52690,27709,3199,10961,True
781,karenklcheung,karen cheung,1870179554,hong kong,970,265,1690,6002,True
782,jimcyf,Jimmy Choi,1032425815,Hong Kong,624,184,237,1385,False
783,kevinluikf,Kevin üßºü§≤ üè†üò∑ Lui,21294618,This Hellsite,989,83,7432,18203,False
784,frankietaggart,Frankie Taggart,20351653,Washington,1123,177,1744,37395,True
785,pnashjenkins,nashüï¥,43794181,the interface,0,93,6674,2167,True
786,hoccgoomusic,Denise Ho (HOCC),22910230,HONG KONG,856,823,1898,17003,True
787,Pontifex_es,Papa Francisco,525264466,Ciudad del Vaticano,8,13596,0,2614,True
788,Pontifex,Pope Francis,500704345,Vatican City,8,24262,0,2634,True
789,CIA,CIA,2359926157,"Langley, VA",31,9760,123,4683,True
790,DefenseIntel,DIA,117439544,"Washington, DC",127,1867,1096,2610,True
791,NSAGov,NSA/CSS,2248872301,"Fort Meade, MD",155,4524,70,2832,True
792,SecretService,U.S. Secret Service,115749048,,49,4965,6,3470,True
793,FBI,FBI,17629860,"Washington, DC",2145,14966,29,13456,True
794,StateDept,Department of State,9624742,"Washington, DC",455,21274,27,65184,True
795,SenWarren,Elizabeth Warren,970207298,,491,17134,13,5884,True
796,BernieSanders,Bernie Sanders,216776631,Vermont,1464,20688,975,18050,True
797,realDonaldTrump,Donald J. Trump,25073877,"Washington, DC",46,113800,4,52112,True
798,HillaryClinton,Hillary Clinton,1339835893,"New York, NY",833,39950,1119,11655,True
799,MichelleObama,Michelle Obama,409486555,"Washington, DC",18,23686,174,1331,True
800,FLOTUS44,First Lady- Archived,1093090866,"Washington, DC",27,12148,22,4081,True
801,WhiteHouse,The White House,822215673812119553,"Washington, D.C.",13,14160,17,18658,True
802,ObamaWhiteHouse,White House Archived,30313925,"Washington, DC",230,59216,0,28338,True
803,Refugees,"UNHCR, the UN Refugee Agency",14361155,120 countries,1688,13639,36979,74262,True
804,amnesty,Amnesty International,18213483,Global,3864,9146,1114,21026,True
805,GdnPolitics,Guardian politics,47636400,London,2358,5367,165,64175,True
806,BurgosGOP,Alex Burgos,186830684,"Washington, DC",3142,141,5439,6136,False
807,GraySergeant,Gray Sergeant,189830978,Taipei,976,34,7061,5060,False
808,BBCPolitics,BBC Politics,621533,London,301,8493,803,96607,True
809,Channel4News,Channel 4 News,14569869,United Kingdom,4527,9550,533,102557,True
810,BBCNewsnight,BBC Newsnight,20543416,"London, UK",2891,5916,2109,47681,True
811,Telegraph,The Telegraph,16343974,"London, UK",753,17449,285,378177,True
812,Independent,The Independent,16973333,"London, England",1131,22702,5,987825,True
813,MailOnline,Daily Mail Online,15438913,,2309,12609,664,320498,True
814,guardiannews,Guardian news,788524,,1254,32092,12,231128,True
815,JRTtager,James Tager,3028883088,,1520,5,9261,403,False
816,DonnieYenCT,Donnie Yen ÁîÑÂ≠ê‰∏π,943048100,Hong Kong,22,404,995,2326,True
817,thetimes,The Times,6107422,London,783,10863,2084,209703,True
818,BillGates,Bill Gates,50393960,"Seattle, WA",218,119499,135,3318,True
819,elonmusk,Elon Musk,44196397,,86,52970,5650,11132,True
820,siutopoon,poon siu toÊΩòÂ∞èÊø§,223785829,hong kong,95,84,27,20958,False
821,wenyunchao,Wen,14581421,New York,2142,2004,28457,147435,True
822,hu_jia,Hu Jia ËÉ°‰Ω≥ üò∑,340878876,China BeijingÔºå‰∏≠ÂõΩ Âåó‰∫¨,5539,745,15487,65425,True
823,Jesse_Norman,Jesse Norman,78702900,Hereford,1767,677,944,13273,True
824,chhcalling,Chris Heaton-Harris MP,80943076,,202,561,0,10623,True
825,margot_james_,Margot James,70796349,"London, England",1410,603,1477,8695,False
826,nadhimzahawi,Nadhim Zahawi #StayAlert,121127090,Stratford Upon Avon,3173,758,3272,32987,True
827,wesstreeting,Wes Streeting MP,20362684,"Barkingside, Ilford, Essex",9118,983,24086,97691,True
828,HuffPostPol,HuffPost Politics,15458694,"Washington, D.C.",8775,16263,107,308321,True
829,g_tekketsu,Ê©üÂãïÊà¶Â£´„Ç¨„É≥„ÉÄ„É† ÈâÑË°Ä„ÅÆ„Ç™„É´„Éï„Çß„É≥„Ç∫,3187510706,,4,1503,3,2104,False
830,NARANTYA,NARANTYA,45609747,ÂäáÁµÑ,419,23,1071,87953,False
831,firstshowing,Alex Billington,7581972,"Berlin, Germany",3720,1809,240001,128810,True
832,politico,POLITICO,9300262,"Washington, D.C.",1509,39480,72,331193,True
833,STForeign,Sunday Times Foreign,234741810,London,690,149,126,5000,True
834,june_pics,June Pictures,707647308502933504,,44,12,942,1,True
835,Variety,Variety,17525171,"Los Angeles, CA",257933,17111,992,293051,True
836,chicagogirlfilm,#ChicagoGirl,2178698653,,28,10,424,1372,False
837,CNNPolitics,CNN Politics,13850422,"Washington, DC",345,16701,17,178979,True
838,bpolitics,Bloomberg Politics,564111558,,910,4600,136,167645,True
839,THR,The Hollywood Reporter,17446621,"Hollywood, CA",2761,20559,1146,412889,True
840,jpiscatella,Joe Piscatella,242951288,,345,19,3479,1393,False
841,Airbnb,Airbnb,17416571,,21069,6266,34167,43265,True
842,jgebbia,Joe Gebbia,11417802,San Francisco,870,1603,2755,6345,True
843,jeffweiner,Jeff Weiner,20348377,,208,5192,841,4250,True
844,bchesky,Brian Chesky,12901712,San Francisco,99,3561,1647,4274,True
845,BobTripathi,Bob Tripathi,14299118,San Francisco | Dallas,872,155,56,1211,False
846,netflix,Netflix,16573941,"California, USA",1438,15396,15146,34593,True
847,neilhunt,neilhunt,17214675,Los Gatos,869,76,49,251,False
848,sundarpichai,Sundar Pichai,14130366,,347,6757,834,1393,True
849,reedhastings,Reed Hastings,15241557,,124,962,80,113,True
850,iainlevine,Iain Levine,11392672,"Brooklyn, NY",1001,260,260,18505,True
851,hickspeggy,Peggy Hicks,61267452,"Geneva, Switzerland",807,161,91,3282,True
852,JanetWalsh2019,Janet Walsh,109317395,US,1025,95,16,4935,False
853,bequelin,Nicholas Bequelin ÊûóÂÅâ,337753465,Asia,915,445,3006,5686,False
854,wang_maya,Maya Wang ÁéãÊùæËé≤,78615705,Hong Kong,1181,400,1324,15850,False
855,SophieHRW,Sophie Richardson,55650719,,2738,478,3663,41886,True
856,gracehw,Grace Tsoi,37916647,Hong Kong,3610,303,2638,7523,False
857,SamerMuscati,Samer Muscati,289516877,"Toronto, Ontario",1115,195,9061,2443,True
858,phila_siu,Phila Siu (Bobby),794165202,Hong Kong,1907,350,4232,10460,True
859,harbourtimes,Harbour Times,1010972484,Hong Kong,983,316,2131,15954,False
860,jeffielam,Jeffie Lam,113831577,Hong Kong,671,661,1380,8319,True
861,Benjamin_P_Ward,Ben Ward,250672627,London,854,364,3022,9349,True
862,UNICEF,UNICEF,33933259,,23600,26022,15545,47009,True
863,UN,United Nations,14159148,"New York, NY",1182,39012,1458,74315,True
864,amnestyusa,Amnesty International USA,16153562,New York,6327,17293,11011,29721,True
865,KenRoth,Kenneth Roth,17839398,New York,998,4603,0,71926,True
866,marywareham,Mary Wareham,22835029,"Washington, DC",3276,477,3517,25658,True
867,astroehlein,Andrew Stroehlein,17672825,"Brussels, Belgium",8115,2218,70214,69265,True
868,jimmurphySF,Jim Murphy,22574178,"San Francisco, CA",2813,544,1407,19789,True
869,HelloKetty1998,Ketty W. Chen,821498424,"Taipei City, Taiwan",383,86,593,1825,False
870,JonathanEmont,Jon Emont,340325031,jonathan.emont@wsj.com,679,71,3267,1955,True
871,FreddyLim,Freddy Lim ÊûóÊò∂‰Ωê,13993182,"Taipei, Tokyo, London, L.A.",170,152,106,12842,True
872,kixes,Kirsten Han Èü©‰øêÈ¢ñ,27182288,Singapore,791,352,5447,85244,True
873,jolovanwham,Jolovan Wham,2832429217,Singapore ,316,20,324,1166,True
874,aaronMCN,Aaron Mc Nicholas,492256905,Hong Kong,1449,503,1619,10574,True
875,jgriffiths,ùïõùïíùïûùïñùï§ ùïòùï£ùïöùïóùïóùïöùï•ùïôùï§ üá≠üá∞üè¥Û†ÅßÛ†Å¢Û†Å∑Û†Å¨Û†Å≥Û†Åø,6440792,Hong Kong,903,503,6699,18929,True
876,LarryDiamond,LarryDiamond,17434219,Stanford University,296,256,100,1182,False
877,jasonyng,Jason Y. Ng,33180018,Hong Kong,355,204,1821,3489,True
878,UNHumanRights,UN Human Rights,69231187,"Geneva, Switzerland",1517,9774,1011,17271,True
879,MalalaFund,Malala Fund,1581289837,RT do not equal endorsements,834,3243,12165,12756,True
880,SSestanovich,Stephen Sestanovich,2171261742,,582,255,4,8427,False
881,RepCardenas,Rep. Tony C√°rdenas,1222257180,"San Fernando Valley, CA",1449,852,482,8285,True
882,kbflF5,Keyboard Frontline,321434172,Hong Kong,593,62,222,8907,False
883,Scholarismhk,Â≠∏Ê∞ëÊÄùÊΩÆ Scholarism,981748794,È¶ôÊ∏Ø,34,185,0,10245,False
884,richardjpyne,Richard Pyne,18331294,Hong Kong,890,148,1098,5548,True
885,freedomhouse,Freedom House,18270066,"Washington, DC",14602,2238,3372,27786,True
886,ZhaoyinFeng,Zhaoyin Feng È¶ÆÂÖÜÈü≥,1606212504,"Washington, DC",1493,201,2776,3178,False
887,SenateGOP,Senate Republicans,14344823,"Washington, D.C.",26011,7684,3108,27605,True
888,GOP,GOP,11134252,,1663,9575,277,40238,True
889,washingtonpost,The Washington Post,2467791,"Washington, DC",1658,92706,4451,359838,True
890,PhillyDailyNews,Philly Daily News,14689197,"Philadelphia, PA, US",743,1820,734,132226,True
891,taylor_a_hall,Taylor Hall,776313672,Hong Kong,1008,14,555,708,False
892,KarenAttiah,Karen Attiah,16684243,Washington D.C.,7511,1693,45733,62508,True
893,trudyrubin,Trudy Rubin,39842545,Philadelphia,371,74,10,1103,True
894,PhillyInquirer,The Philadelphia Inquirer,14221917,"Philadelphia, PA",1602,2664,648,191881,True
895,wu_venus,Venus Wu,485861064,,1929,331,1804,6800,False
896,LemanManhattan,LemanManhattan,190908895,"New York, New York",995,44,796,2003,False
897,SenatorTimScott,Tim Scott,217543151,,3853,3578,1962,8841,True
898,SenRubioPress,Senator Rubio Press,229966028,"Florida, USA",580,1599,75,10611,True
899,RepTimWalz,Fmr. Rep. Tim Walz,1262814457,,3367,556,1198,3813,True
900,wangdan1989,Áéã‰∏π,98864871,,13312,1224,2753,8081,False
901,WEAI_Columbia,WEAI,191132901,"New York, NY",5900,231,4627,10704,False
902,SenTomCotton,Tom Cotton,968650362,,352,2685,1,9356,True
903,bethanypoulos,Bethany Poulos,744012475,"Washington, DC",991,11,3955,1605,False
904,CECCgov,China Commission,196324920,"Washington, DC",561,364,43,1442,True
905,tengbiao,ÊªïÂΩ™,55859816,"Princeton, NJ",7519,1390,5699,29192,True
906,ObservatoryHK,Observatory HKO,191500375,Hong Kong,1,302,0,14804,False
907,marcorubio,Marco Rubio,15745368,United States,2624,15766,1660,13411,True
908,VoteableCo,VOTEABLE,773945792327475200,,431,1,184,370,False
909,SuzanneNossel,Suzanne Nossel,484855406,New York,934,157,991,3758,True
910,PENamerica,PEN America,15469000,NYC | LA | DC,5228,1957,15764,45835,True
911,hancocktom,Tom Hancock,31291389,"Shanghai, PRC",2474,831,3340,17540,True
912,WSJPolitics,Capital Journal,16311797,"Washington, D.C.",249,4032,771,132833,True
913,WSJopinion,WSJ Editorial Page,7228682,New York,150,2452,90,55571,True
914,tomphillipsin,Tom Phillips,211948211,Mexico City,5959,1055,26640,25784,True
915,hrw,Human Rights Watch,14700316,,20167,20958,7085,101573,True
916,CraigChoy,Craig Choy,22496060,,1701,63,27923,3030,True
917,FT,Financial Times,18949452,London,791,36119,38,275337,True
918,FinancialTimes,Financial Times,4898091,London / New York / Hong Kong,828,40907,73,276671,True
919,business,Bloomberg,34713362,New York and the World,1287,54911,535,576731,True
920,TheEconomist,The Economist,5988062,London,126,111771,150,215341,True
921,larryau,Larry Au,54560396,NYC,1988,139,24349,6932,False
922,newsgovhk_epr,HKG Press Releases,166085451,Hong Kong,3,218,3,67391,False
923,factwirenews,FactWire (ÂÇ≥ÁúüÁ§æ),3227148840,,109,112,34,451,True
924,JoeBiden,Joe Biden,939091,"Wilmington, DE",26,16842,18,4829,True
925,BillClinton,Bill Clinton,1330457336,"New York, NY",34,21783,1484,1003,True
926,SenSanders,Bernie Sanders,29442313,Vermont/DC,2345,25451,336,21588,True
927,ChuHoiDick,Chu-Hoidick Eddie,783114191460704256,Hong Kong,39,131,18,168,True
928,chowtingagnes,Âë®Â∫≠ Agnes Chow Ting,317729273,Hong Kong,346,1660,1391,783,True
929,demosisto,DemosistoÃÑ È¶ôÊ∏ØÁúæÂøó üò∑,717048221592227840,Hong Kong,169,677,27,2667,True
930,HouseDemocrats,House Democrats,43963249,"Washington, D.C.",633,6248,570,15133,True
931,POTUS,President Trump,822215679726100480,"Washington, D.C.",39,24997,104,9710,True
932,POTUS44,President Obama,1536791610,"Washington, D.C.",79,23284,3,352,True
933,hkstream,Hong Kong Stream,46861341,Hong Kong,493,540,270,266389,False
934,TheDemocrats,The Democrats,14377605,"Washington, D.C.",1588,10717,760,30674,True
935,VP,Vice President Mike Pence,818910970567344128,"Washington, D.C.",14,10409,19,8811,True
936,VP44,VP Biden (Archived),325830217,"Washington, D.C.",132,7813,11,3654,True
937,SpeakerPelosi,Nancy Pelosi,15764644,San Francisco,362,18639,11,10402,True
938,lenewinther,Lene Winther,38145451,Copenhagen,1069,31,1737,1601,True
939,NewHopeAust,Daniel White,245741121,"Melbourne, Australia ",2740,10,3694,4786,False
940,dianawithcamera,Diana Chan,3228679742,"New York, NY",142,11,152,178,False
941,flightradar24,Flightradar24,134196350,"Stockholm, Sweden",593,4898,9655,40707,True
942,Queeenpenguin,‚ùÑ‚òÆ‚òØ„ÇØ„Ç£„Éº„É≥„Éö„É≥„ÇÆ„É≥‚òØ‚òÆ‚ùÑ,110380065,Êó•Êú¨Ôºà„Åï„ÅÑ„Åü„ÅæÂ∏Ç‚áîÈÉΩÂÜÖÔºâ,1012,74,21375,168098,False
943,qz,Quartz,573918122,The World,219,9803,1723,177634,True
944,MinkysHighjinks,Minky Worden,19555200,New York,2964,400,7506,9511,True
945,VivienneChow,Vivienne Chow,276822292,Earth,2694,528,10920,16526,True
946,nathanlawkc,Nathan Law ÁæÖÂÜ†ËÅ∞ üò∑,735811158469423105,Hong Kong & New Haven,595,583,625,2286,True
947,ivanloo01,Ivan Loo,134654296,Hong Kong,91,0,9,24,False
948,Bauhiniarevoke,Ë§áË£ΩÈô≥Èõ≤,260509000,È¶ôÊ∏Ø,1,4,0,7586,False
949,stiles,Matt Stiles,14790314,Los Angeles,2092,856,8505,15771,True
950,stegersaurus,isabella steger,21771755,hk,2922,814,51302,44320,True
951,george_chen,George Chen,15774741,"HKG, TPE, ULN, or 35,000 ft ",1230,1180,1916,85751,True
952,suilee,Sui-Lee Wee ÈªÑÁëûÈªé,97650875,Singapore,3522,1521,4309,16821,True
953,latimes,Los Angeles Times,16664681,"El Segundo, CA",6925,32001,2550,284646,True
954,PhelimKine,Phelim Kine ÊûóÊµ∑,374386176,Asia Pacific,1126,671,28417,47879,True
955,CoconutsHK,Coconuts Hong Kong,1854347438,Hong Kong,216,309,871,19393,False
956,laurelchor,Laurel Chor,12876222,Hong Kong,3400,598,20260,6853,True
957,PekingMike,Mike Forsythe  ÂÇÖÊâçÂæ∑,217304598,"New York, NY",2545,1525,37781,56337,True
958,fcchk,"FCC, Hong Kong",92450951,Hong Kong,967,211,258,4150,False
959,RolandLimCNA,Roland Lim,2831074104,Hong Kong,296,105,2,1445,False
960,XHNews,China Xinhua News,487118986,"Headquartered in Beijing, PRC",64,13402,0,170535,True
961,alanwongw,Alan Wong,509191768,Hong Kong,3960,838,2470,9963,True
962,hongkong_news,Hong Kong News,45768931,Hong Kong,3,1029,8,83659,False
963,AJEnglish,Al Jazeera English,4970411,"Doha, Qatar",252,50983,5812,251926,True
964,hkdemonow,HKDemoNow,2788078109,Hong Kong,2847,388,147,138969,False
965,rthk_enews,RTHK English News,213559194,Hong Kong,19,790,60,127337,True
966,thecentersquare,The Center Square,64723403,United States,932,794,10,8786,False
967,youngposthk,SCMP Young Post,598961597,Hong Kong,173,207,799,18234,True
968,mingpaocom,ÊòéÂ†±Âç≥ÊôÇÊñ∞ËÅû,27624497,Hong Kong,157,1128,0,222823,False
969,ZhouFengSuo,Âë®ÈîãÈîÅ Fengsuo Zhou,202963011,New York Metropolitan Area,4025,618,2116,62013,False
970,BBCNewsAsia,BBC Asia,1642135962,Singapore,262,3094,195,47972,True
971,flix1,flix1 ‚ö°,14217906,,1739,262,6147,31526,False
972,WSJ,The Wall Street Journal,3108351,"New York, NY",928,113432,1192,308414,True
973,xinwenxiaojie,Yuen Chan,283035531,London,1143,507,5492,17057,False
974,appledaily_hk,È¶ôÊ∏ØËòãÊûúÊó•Â†± Apple Daily Hong Kong,70889420,Hong Kong,4,1678,52,212975,True
975,initiumnews,Á´ØÂÇ≥Â™í Initium Media,3232393554,Hong Kong,443,1192,80,17448,True
976,BreakingNews,Breaking News,6017542,"NYC, LA, London",558,85131,6,104655,True
977,ABC,ABC News,28785486,New York City / Worldwide,529,56582,32,303145,True
978,muse,muse,14583400,,5,20605,239,3309,True
979,andrewvandam,Andrew Van Dam,20292059,DC,1430,171,73829,1169,True
980,AP,The Associated Press,51241574,Global,7020,93453,2938,266455,True
981,BarackObama,Barack Obama,813286,"Washington, DC",605810,220485,5,15812,True
982,Reuters,Reuters,1652541,Around the world,1116,119073,747,535463,True
983,thenewslens,The News Lens,1565291311,Taiwan,68,232,370,50192,True
984,WSJGraphics,WSJ Graphics,19564105,"Manhattan, NY",631,2839,102,17016,True
985,guardian,The Guardian,87818409,London,1082,60219,138,602548,True
986,jeffreychngo,Jeffrey Ngo ÊïñÂçìËªí üò∑üéó,2234215035,"Washington, D.C. üá∫üá∏",1402,138,6,5320,True
987,AFP,AFP news agency,380648579,France,641,21146,2565,235985,True
988,nowthisnews,NowThis,701725963,The Internet & NYC,12017,8003,13107,157559,True
989,BBCBreaking,BBC Breaking News,5402612,"London, UK",3,134577,0,36536,True
990,cnnbrk,CNN Breaking News,428333,Everywhere,120,180903,21,70746,True
991,BBCWorld,BBC News (World),742143,"London, UK",71,115627,13,310205,True
992,CNN,CNN,759251,,1108,138577,1430,302273,True
993,emilydparker,Emily Parker,89978599,US and Asia,520,483,4001,10982,True
994,krislc,Kris Cheng,3204731,Hong Kong,3025,776,2761,65450,True
995,tomgrundy,Tom Grundy,74418756,Hong Kong,1628,985,8243,28694,True
996,varsitycuhk,Varsity CUHK,2788023241,Hong Kong,139,298,60,3143,True
997,SCMPNews,SCMP News,23922797,Hong Kong,351,6699,440,271595,True
998,scmplifestyle,SCMP Lifestyle,1611814220,Hong Kong,250,269,102,8680,False
999,hkbutyr,The Young Reporter,2162867534,Hong Kong,254,40,30,898,False
1000,HongKongFP,Hong Kong Free Press HKFP,3071162052,Hong Kong,34,2133,1,39265,True
1001,9GAG,9GAG,16548023,Universe,10,9083,1798,48707,True
1002,abeleung,Abe È¥®È´Ä ü¶Üüçó,38143483,BNE - HKG,676,45,7246,28037,False
1003,isaacstonefish,Isaac Stone Fish,70547127,‰∏ã‰∏úÂå∫ÔºåNYC,4085,899,9527,20037,True
1004,nytimesworld,New York Times World,1877831,"New York, London, Hong Kong",914,19379,3372,259038,True
1005,nytimes,The New York Times,807095,New York City,909,199058,18491,397120,True
1006,icablenews,icablenews,2609395315,Hong Kong,1,138,2,38805,False
1007,globalcartoons,Global Cartoons,138781309,Boston,3353,607,39,10584,True
1008,cartoonmovement,The Cartoon Movement,194042592,Amsterdam,1633,781,337,8514,False
1009,CRNetInt,CRNI,1962860390,,2004,259,4744,29844,False
1010,stephffart,stephff cartoonist,1038698413,Bangkok,390,191,2620,19503,True
1011,ArtistDaily,Artist Daily,19774757,"New York, NY",4872,1145,150,8840,False
1012,badiucao,Â∑¥‰∏¢Ëçâ Badiucao,267695291,,12224,623,30453,149649,True
1013,NY4HK,NY4HK - New Yorkers Supporting Hong Kong,2795611485,"New York, New York",198,25,626,1541,False
1014,leodecerca,Leonidas Mart√≠n,31412970,Barcelona,547,31,57,493,False
1015,bbclaurak,Laura Kuenssberg,61183568,"Westminster, mostly....",1599,8550,108,42455,True
1016,hkreader,Hong Kong ReaderÂ∫èË®ÄÊõ∏ÂÆ§,119733906,Êó∫ËßíË•øÊ¥ãËèúË°ó68Ëôü7Â≠óÊ®ì,37,19,1,3989,False
1017,inmediahk,inmediahknet,15435701,Hong Kong,2,365,12,39117,False
1018,ImpassionAf,ImpassionAfghanistan,533883375,Kabul,499,47,114,1681,False
1019,intgovforum,IGF,17991127,"Geneva, Switzerland (UNOG)",0,265,38,1644,False
1020,liuyun2018,ÊµÅÈõ≤ üò∑,100198190,È¶ôÊ∏Ø,1787,273,4020,94069,False
1021,kiwigummy,Kiwi,25768534,,290,19,301,33928,False
1022,chpapa,Ben Cheng,1421011,Hong Kong,591,97,254,7417,False
1023,instagram,Instagram,180505807,,151,31713,594,13241,True
1024,SimonCowell,Simon Cowell,413487212,,2506,10635,25,1857,True
1025,pjmooney,Paul Mooney ÊÖï‰∫¶‰ªÅ,18526305,"Berkeley, California",5587,601,20229,73011,False
1026,henrychiu01,Henry Chiu,46184647,Hong Kong,1239,59,14015,50118,False
1027,ivanlamviiv,ivan lam,450787504,Hong Kong,0,0,0,63,False
1028,isunaffairs,ÈôΩÂÖâË°õË¶ñ,358075216,HK,300,256,7,2598,False
1029,OccupyAsia,occupyasia,382010902,,151,122,5,709,False
1030,olgastern,Olgatron,16525284,,305,15,62,4,False
1031,ksir42195,K Sir (Condor Kwong),56437805,Hong Kong,140,4,259,1806,False
1032,erikpiece,Eric Cheung,114918927,Hong Kong,458,23,618,3121,False
1033,nokince,Mason2020,360269752,HK,124,2,1147,1266,False
1034,szeyan1220,Âú®Ê∞¥‰∏ÄÊñπüôÖüèª‚Äç‚ôÄÔ∏è‚úäüèª‚úäüèªüî•üî•üôÖüèª‚Äç‚ôÇÔ∏è,55995478,Hong Kong,825,159,1544,48513,False
1035,bigmomvicky,V   I   C  K,50216304,HongKong,967,42,96,31703,False
1036,ChinaDaily,China Daily,87775422,"Beijing, China",540,6364,174,124441,True
1037,hkbloggercon,È¶ôÊ∏ØÁ∂≤Ë™åÂπ¥ÊúÉ,17647037,Hong Kong,1579,36,1,115,False
1038,samngx,Âê≥ÂøóÊ£Æ,51347440,È¶ôÊ∏Ø,59,42,1,1572,False
1039,heywoodchan,Heywood Chan,73597759,,387,0,2181,31,False
1040,sharifkouddous,Sharif Kouddous,16122373,Cairo,1588,3257,1158,10187,True
1041,aiww,ËâæÊú™Êú™  Ai Weiwei,43654274,Âåó‰∫¨,20828,5238,10785,172259,True
1042,hka8964,HK Alliance È¶ôÊ∏ØÊîØËÅØÊúÉ,121328898,È¶ôÊ∏Ø,1341,299,186,4925,False
1043,theclique,The Clique,109651011,"Westchester, NY  ",171,63,0,1957,False
1044,jy6,joey yung,23331244,,55,339,13,835,False
1045,pastorbrady,Brady Boyd,17101508,"Colorado Springs, CO",762,371,6665,18559,False
1046,eugeniekhwong,Eugenie Wong,97440228,"Melbourne, Australia",186,3,353,963,False
1047,singsit01,ÊòüÂ±ëÈÜ´ÁîüÊ≠êÈôΩËã±ÂÇë,6879792,,0,107,9,17567,False
1048,EyeOfJackieChan,Jackie Chan,105001940,the world,2,7792,0,2408,True
1049,DesigningHK,paul zimmerman,75708488,hong kong,53,34,568,232,False
1050,jonathanchanhk,Jonathan Chan,176344518,Hong Kong,16,2,26,11,False
1051,openradiohk,ÈñãÂè∞ Open Radio HK,77501835,Hong Kong,0,15,0,1713,False
1052,bencrox,ÊùéÂ≠∏Êñå / lxb / ÿßÿ®ŸÜ ÿßŸÑÿ≥ÿ®,1206561,Hong Kong,803,195,1116,37707,False
1053,CHANVINCI,Èô≥ÂàÜÂ•á,66631581,È¶ôÊ∏Ø,263,82,125,12132,False
1054,BillJohnson2013,Bill Johnson,93686316,Everywhere ,23,486,2,45,False
1055,billjohnsonBJM,Bill Johnson,100884451,,177,1160,11,1606,False
1056,konghee,Kong Hee,20356591,Singapore,12370,813,5,17696,True
1057,cityharvestcog,City Harvest Church,77915564,Tacoma WA,72,2,0,344,False
1058,chcsg,City Harvest Church,36569331,Singapore,100,161,15,5925,False
1059,youthgovhk,Youth.gov.hk,31083249,Hong Kong,4,6,0,149,False
1060,BachLau,Bach Lau,15002246,Hong Kong,1551,115,4891,37,False
1061,abc1230,AÁ∂≤Âèã,18680121,"iPhone: 22.278114,114.176926",4925,144,4531,103290,False
1062,singsingarsing,singsing,107346759,Hong Kong,1628,66,20298,103240,False
1063,chonghead,chonghead,10246242,"22.198759,113.546501",558,33,155,1264,False
1064,martinlau0371,È¶¨Áî∞Âè≤È´òË•øÊñØ,69633034,,224,31,10,7775,False
1065,TIME,TIME,14293310,,495,99665,538,348026,True
1066,TELEPOPMUSIKtm,TELEPOPMUSIK,76368546,PARIS,850,112,15974,1469,True
1067,mylittleairport,my little airport,37337686,Hong Kong,1455,121,6,273,False
1068,IGN,IGN,18927441,,1015,23019,14489,130943,True
1069,tanyachan2010,Tanya Chan,118904844,Hong Kong Island,6,33,1,102,False
1070,_wli,William Li,5772112,Hong Kong,1925,172,2887,49685,False
1071,ePriceHK,News Update,63026066,Mong Kok,1,54,5,8330,False
1072,ItsJonathanChan,Jonathan Chan,79462872,Hong Kong | Sydney | U.S.A,359,39,409,7830,False
1073,passion268,Passion Conferences,32143539,"Atlanta, GA",67,1316,1828,8221,True
1074,longhair2012,Ê¢ÅÂúãÈõÑ,113308533,,0,16,0,1,False
1075,yukman2012,ÈªÉÊØìÊ∞ë,113309292,,0,17,0,142,False
1076,cehraidc,Chad Hu,5547572,Taiwan,1400,21,9820,8809,False
1077,zhaolianhai,ËµµËøûÊµ∑,53341484,,2126,366,1355,7769,False
1078,TapTapRadiation,TapTapRadiation,124544141,iTunes,168,7,33,101,False
1079,netmediau,NetmediaU Á∂≤Âè∞ËÅØÁõü,132291634,Hong Kong,2,26,0,1174,False
1080,itvnews,ITV News,21866939,United Kingdom,1482,7175,518,211081,True
1081,eBayHK,eBay Hong Kong,89366135,Hong Kong,9,9,0,410,False
1082,LamD9,ÊûóD9,134302925,‰∏≠ÂúãÔºåÈ¶ôÊ∏Ø,63,3,0,72,False
1083,hkupop,HKU POP Ê∏ØÂ§ßÊ∞ëÁ†î,72806843,Hong Kong,1,74,1,1518,False
1084,gauplastichk,GauËÜ†,42237620,Hong Kong,2004,7,5250,5090,False
1085,FaningMonisor,Âö¥ÊïèËèØ,89153176,Hong Kong,820,54,8,3826,False
1086,blcycy,Boris Lee,17675272,"22.3321365,114.170273075",534,62,5100,31829,False
1087,joyceyim,Joyce Yim,34266705,Hong Kong | London,91,7,56,2970,False
1088,chang_ping,Chang Ping ÈïøÂπ≥,34546831,"50.71518,7.129016",602,1086,1104,6960,False
1089,leungmantao,Ê¢ÅÊñáÈÅì,14762799,hong kong,168,1198,1,115,False
1090,weather_hk,Weather for HK|È¶ôÊ∏ØÊ∞£Ë±°,14961645,Hong Kong,61,101,0,508,False
1091,GreenDay,Green Day,67995848,"East Bay, California",184,18515,456,2387,True
1092,rubberbandrb,RubberBand,114018500,,0,3,0,34,False
1093,Google,Google,20536157,"Mountain View, CA",290,93151,2740,111664,True
1094,AlanLeongKahKit,Alan Leong Kah Kit,112603395,Hong Kong ,6,36,1,45,False
1095,civicpartyhk,Civic Party ÂÖ¨Ê∞ëÈª®,100247276,Hong Kong,12,53,1,1979,True
1096,newdemocracy4hk,New Democracy 4 HK,119247378,Hong Kong,0,8,0,167,False
1097,_justyim_,Justin Yim,126655146,"London, England",386,0,653,93,False
1098,sidekickick,kickick,785997,Hong Kong,267,226,1216,63635,False
1099,charlesmok,Charles Mok Ëé´‰πÉÂÖâ,11302532,Hong Kong,2817,488,76,47995,True
1100,galileocheng,Galileo Cheng,15879443,Hong Kong,2699,570,5870,94194,False
1101,tmchk,Tiananmen Mothers Campaign Â§©ÂÆâÈñÄÊØçË¶™ÈÅãÂãï,129964126,,36,74,0,318,False
1102,makarat,Áë™ÂòâÁÉà,34229757,,160,40,4,32242,False
1103,fightfreedomhk,Freedom,130774777,,120,33,0,358,False
1104,pybobo,ET ÊêèÁõ°ÁÑ°ÊÇî,65839320,the Planet of Alphabet~,723,31,118084,71606,False
1105,kenkachemhazard,Êó∫ËßíÂç∞Â∫¶ÂíñÂñ±,49866698,,438,44,1416,32380,False
1106,pocheung,Po Cheung,49545758,Hong Kong,76,8,0,716,False
1107,chantaimanblog,Èô≥Â§ßÊñáÈÉ®ËêΩ,19222591,,9,55,0,40925,False
1108,sfchoi8964,Ëî°Ê∑ëËä≥,92207174,È¶ôÊ∏Ø,696,242,68,56173,False
1109,henryporter,henryporter,7601662,Hong Kong,101,23,2,6023,False
1110,ptreporter,Patrick the Reporter,94952839,Hong Kong,657,234,1038,142695,False
1111,ericspanner,Eric Spanner Wong,102673766,Hong Kong,188,15,213,1841,False
1112,jaesonma,jaesonma,15293534,Global Citizen,2244,701,1669,15769,True
1113,dr_fat,Dr. Fat,112058915,Hong Kong,129,45,72,5428,False
1114,516news,Vote516,144350512,,0,0,0,105,False
1115,hillsongunited,Hillsong UNITED,15893379,"Sydney, New South Wales",165,5196,6690,4666,True
1116,mobileradiohk,mobileradiohk,12710182,Hong Kong,40,15,0,3093,False
1117,Larrylokyiu,Larrylokyiu,18375179,,1,0,0,3,False
1118,krizrobert,Robert Samara,17556144,Toronto,129,3,73,1629,False
